"vector_key","start_lat","start_lon","end_lat","end_lon","length_km","start_polygon_id","end_polygon_id","start_polygon_name","end_polygon_name","country","n_baseline","ndiff_mean","ndiff_med","ndiff_min","ndiff_max","ndiff_std","abs_ndiff_med","pct_chg_mean","pct_chg_med","pct_chg_min","pct_chg_max","pct_chg_std","abs_pct_chg_med","vector_name"
"PAK.2.1_1_PAK.2.1_1",27.4937731996419,65.7351376336426,27.4937731996419,65.7351376336426,0,"PAK.2.1_1","PAK.2.1_1","Kalat","Kalat","PK",3745.58333333333,240.791666666667,240.791666666667,88.4166666666667,393.166666666667,215.4907915666,240.791666666667,6.66020837641701,6.66020837641701,2.36055799052217,10.9598587623118,6.08062388919519,6.66020837641701,"Kalat - Kalat"
"PAK.2.1_1_PAK.2.4_1",27.4937731996419,65.7351376336426,29.3774454542667,64.3034688279768,251.92179673921,"PAK.2.1_1","PAK.2.4_1","Kalat","Quetta","PK",59.3333333333333,-12.4583333333333,-12.4583333333333,-14.0833333333333,-10.8333333333333,2.29809703885628,12.4583333333333,-17.65595414914,-17.65595414914,-18.2584269662921,-17.0534813319879,0.852025228977658,17.65595414914,"Kalat - Quetta"
"PAK.2.1_1_PAK.8.2_1",27.4937731996419,65.7351376336426,25.0787834487808,67.1859112898734,305.000718643367,"PAK.2.1_1","PAK.8.2_1","Kalat","Karachi","PK",225.583333333333,13.9583333333333,13.9583333333333,-24.5833333333333,52.5,54.506147716463,13.9583333333333,6.14056762330675,6.14056762330675,-10.8976727004064,23.1788079470199,24.0957105447672,6.14056762330675,"Kalat - Karachi"
"PAK.2.2_1_PAK.2.2_1",26.1148712479606,63.4598740647199,26.1148712479606,63.4598740647199,0,"PAK.2.2_1","PAK.2.2_1","Makran","Makran","PK",3317,417.228993030137,417.228993030137,230,604.457986060274,264.781781212678,417.228993030137,14.151962746591,14.151962746591,6.9339764847754,21.3699490084065,10.2077740644822,14.151962746591,"Makran - Makran"
"PAK.2.3_1_PAK.2.3_1",28.7829939153016,67.8281987215831,28.7829939153016,67.8281987215831,0,"PAK.2.3_1","PAK.2.3_1","Nasirabad","Nasirabad","PK",2376.16666666667,-249,-249,-400.833333333333,-97.1666666666666,214.724759220315,249,-10.5808487511093,-10.5808487511093,-17.0724781713637,-4.08921933085502,9.18055036802386,10.5808487511093,"Nasirabad - Nasirabad"
"PAK.2.3_1_PAK.8.3_1",28.7829939153016,67.8281987215831,27.8953345625544,68.348474529644,111.06291360635,"PAK.2.3_1","PAK.8.3_1","Nasirabad","Larkana","PK",48.9166666666667,-3.41666666666667,-3.41666666666667,-3.41666666666667,-3.41666666666667,,3.41666666666667,-6.98466780238501,-6.98466780238501,-6.98466780238501,-6.98466780238501,,6.98466780238501,"Nasirabad - Larkana"
"PAK.2.4_1_PAK.2.1_1",29.3774454542667,64.3034688279768,27.4937731996419,65.7351376336426,251.92179673921,"PAK.2.4_1","PAK.2.1_1","Quetta","Kalat","PK",53,3.54166666666667,3.54166666666667,0,7.08333333333334,5.00867303340471,3.54166666666667,6.75675675675676,6.75675675675676,0,13.5135135135135,9.55549704306146,6.75675675675676,"Quetta - Kalat"
"PAK.2.4_1_PAK.2.4_1",29.3774454542667,64.3034688279768,29.3774454542667,64.3034688279768,0,"PAK.2.4_1","PAK.2.4_1","Quetta","Quetta","PK",32499.25,2071.33333333333,2071.33333333333,719.916666666666,3422.75,1911.19177841704,2071.33333333333,6.35367119570456,6.35367119570456,2.17556088875905,10.5317815026501,5.90874026117314,6.35367119570456,"Quetta - Quetta"
"PAK.2.4_1_PAK.2.5_1",29.3774454542667,64.3034688279768,29.4883341470755,68.5700486683914,413.350676025831,"PAK.2.4_1","PAK.2.5_1","Quetta","Sibi","PK",19.4856023105084,0.514397689491566,0.514397689491566,0.514397689491566,0.514397689491566,,0.514397689491566,2.63988601067854,2.63988601067854,2.63988601067854,2.63988601067854,,2.63988601067854,"Quetta - Sibi"
"PAK.2.4_1_PAK.2.6_1",29.3774454542667,64.3034688279768,30.8799472504458,68.9666305805951,478.52444604174,"PAK.2.4_1","PAK.2.6_1","Quetta","Zhob","PK",45.5,-0.166666666666666,-0.166666666666666,-3.5,3.16666666666667,4.71404520791032,0.166666666666666,0.338868180277874,0.338868180277874,-7.69230769230769,8.37004405286344,11.3577978408141,0.338868180277874,"Quetta - Zhob"
"PAK.2.5_1_PAK.2.5_1",29.4883341470755,68.5700486683914,29.4883341470755,68.5700486683914,0,"PAK.2.5_1","PAK.2.5_1","Sibi","Sibi","PK",2709.33333333333,-166.083333333333,-166.083333333333,-185.833333333333,-146.333333333333,27.9307178568685,166.083333333333,-6.12011339649212,-6.12011339649212,-6.85900590551181,-5.38122088747243,1.04495180739153,6.12011339649212,"Sibi - Sibi"
"PAK.2.6_1_PAK.2.4_1",30.8799472504458,68.9666305805951,29.3774454542667,64.3034688279768,478.52444604174,"PAK.2.6_1","PAK.2.4_1","Zhob","Quetta","PK",33,1.875,1.875,-6.75,10.5,12.1975919754679,1.875,8.10562270099842,8.10562270099842,-15.606936416185,31.8181818181818,33.5346227020945,8.10562270099842,"Zhob - Quetta"
"PAK.2.6_1_PAK.2.6_1",30.8799472504458,68.9666305805951,30.8799472504458,68.9666305805951,0,"PAK.2.6_1","PAK.2.6_1","Zhob","Zhob","PK",3133.91666666667,-159.958333333333,-159.958333333333,-195.5,-124.416666666667,50.2635070293437,159.958333333333,-5.14638700936846,-5.14638700936846,-6.32276843467012,-3.9700055840668,1.6636545661854,5.14638700936846,"Zhob - Zhob"
"PAK.2.6_1_PAK.7.2_1",30.8799472504458,68.9666305805951,30.0224782853829,70.5493019194425,179.180410201686,"PAK.2.6_1","PAK.7.2_1","Zhob","Dera Ghazi Khan","PK",16.6666666666667,-0.666666666666667,-0.666666666666667,-0.666666666666667,-0.666666666666667,,0.666666666666667,-4,-4,-4,-4,,4,"Zhob - Dera Ghazi Khan"
"PAK.3.1_1_PAK.3.1_1",33.1700133050442,70.3861612705621,33.1700133050442,70.3861612705621,0,"PAK.3.1_1","PAK.3.1_1","F.A.T.A.","F.A.T.A.","PK",10823.5,-248.166666666667,-248.166666666667,-966.833333333334,470.5,1016.34814682546,248.166666666667,-2.42636813115175,-2.42636813115175,-9.19975894443035,4.34702268212685,9.57902115139193,2.42636813115175,"F.A.T.A. - F.A.T.A."
"PAK.3.1_1_PAK.5.1_1",33.1700133050442,70.3861612705621,32.6824702146471,70.7936087143096,66.2204153268445,"PAK.3.1_1","PAK.5.1_1","F.A.T.A.","Bannu","PK",19.1666666666667,-4.13629089255836,-4.13629089255836,-7.10591511845006,-1.16666666666667,4.19968285540774,4.13629089255836,-15.0443150700343,-15.0443150700343,-24.0016736183295,-6.08695652173914,12.6676179420376,15.0443150700343,"F.A.T.A. - Bannu"
"PAK.3.1_1_PAK.5.5_1",33.1700133050442,70.3861612705621,33.3240386522153,71.2456287788584,81.7395485002026,"PAK.3.1_1","PAK.5.5_1","F.A.T.A.","Kohat","PK",16.5833333333333,-0.130339408607437,-0.130339408607437,-6.67734548388154,6.41666666666667,9.25886478459168,0.130339408607437,8.28322662885066,8.28322662885066,-22.1270140789821,38.6934673366834,43.0065748440475,8.28322662885066,"F.A.T.A. - Kohat"
"PAK.3.1_1_PAK.5.6_1",33.1700133050442,70.3861612705621,35.6924113719009,72.2469303359298,328.299394961748,"PAK.3.1_1","PAK.5.6_1","F.A.T.A.","Malakand","PK",27.5,-6.20833333333333,-6.20833333333333,-10.4166666666667,-2,5.95148207498678,6.20833333333333,-16.522961574508,-16.522961574508,-25.7731958762887,-7.27272727272727,13.0818068047071,16.522961574508,"F.A.T.A. - Malakand"
"PAK.3.1_1_PAK.5.8_1",33.1700133050442,70.3861612705621,34.0135551823037,71.7920103750481,160.479478362178,"PAK.3.1_1","PAK.5.8_1","F.A.T.A.","Peshawar","PK",209,11,11,-44,66,77.7817459305202,11,8.268106162843,8.268106162843,-15.042735042735,31.5789473684211,32.9665077832541,8.268106162843,"F.A.T.A. - Peshawar"
"PAK.4.1_1_PAK.4.1_1",33.6692247086546,73.0666656755683,33.6692247086546,73.0666656755683,0,"PAK.4.1_1","PAK.4.1_1","Islamabad","Islamabad","PK",125296.583333333,10493.0416666667,10493.0416666667,8389.66666666667,12596.4166666667,2974.6214517565,10493.0416666667,8.20495750738109,8.20495750738109,6.35663476436961,10.0532802503926,2.61392309080947,8.20495750738109,"Islamabad - Islamabad"
"PAK.4.1_1_PAK.5.2_1",33.6692247086546,73.0666656755683,31.9373404910881,70.6290863322194,298.293083647168,"PAK.4.1_1","PAK.5.2_1","Islamabad","Dera Ismail Khan","PK",20.6666666666667,-6.16666666666667,-6.16666666666667,-6.16666666666667,-6.16666666666667,,6.16666666666667,-29.8387096774194,-29.8387096774194,-29.8387096774194,-29.8387096774194,,29.8387096774194,"Islamabad - Dera Ismail Khan"
"PAK.4.1_1_PAK.5.4_1",33.6692247086546,73.0666656755683,34.8412142650208,73.2243661662354,131.122933091476,"PAK.4.1_1","PAK.5.4_1","Islamabad","Hazara","PK",279.75,-21.5925193566417,-21.5925193566417,-36.9350387132834,-6.25000000000001,21.6975989551344,21.5925193566417,-10.1726580192382,-10.1726580192382,-18.1111784155989,-2.23413762287757,11.2267632097087,10.1726580192382,"Islamabad - Hazara"
"PAK.4.1_1_PAK.5.5_1",33.6692247086546,73.0666656755683,33.3240386522153,71.2456287788584,173.165147274174,"PAK.4.1_1","PAK.5.5_1","Islamabad","Kohat","PK",27.3560599284944,4.14394007150558,4.14394007150558,4.14394007150558,4.14394007150558,,4.14394007150558,15.1481612569111,15.1481612569111,15.1481612569111,15.1481612569111,,15.1481612569111,"Islamabad - Kohat"
"PAK.4.1_1_PAK.5.6_1",33.6692247086546,73.0666656755683,35.6924113719009,72.2469303359298,237.123992792063,"PAK.4.1_1","PAK.5.6_1","Islamabad","Malakand","PK",73.25,-19.2083333333333,-19.2083333333333,-21.1666666666667,-17.25,2.76950155964731,19.2083333333333,-29.8145167545765,-29.8145167545765,-36.0795454545455,-23.5494880546075,8.8600885561528,29.8145167545765,"Islamabad - Malakand"
"PAK.4.1_1_PAK.5.7_1",33.6692247086546,73.0666656755683,34.3054247124276,72.3623293245186,96.028198189944,"PAK.4.1_1","PAK.5.7_1","Islamabad","Mardan","PK",118.729965754782,0.385017122608827,0.385017122608827,-9.5,10.2700342452177,13.9795252790837,0.385017122608827,-1.29634716915202,-1.29634716915202,-11.2426035502959,8.64990921199182,14.0661306690536,1.29634716915202,"Islamabad - Mardan"
"PAK.4.1_1_PAK.5.8_1",33.6692247086546,73.0666656755683,34.0135551823037,71.7920103750481,123.79167028925,"PAK.4.1_1","PAK.5.8_1","Islamabad","Peshawar","PK",241.333333333333,15.4583333333333,15.4583333333333,-17.75,48.6666666666667,46.9636753838065,15.4583333333333,6.21997847768713,6.21997847768713,-7.72578890097932,20.1657458563536,19.7222933646104,6.21997847768713,"Islamabad - Peshawar"
"PAK.4.1_1_PAK.7.1_1",33.6692247086546,73.0666656755683,28.8489179399769,71.6377266783005,552.91526750134,"PAK.4.1_1","PAK.7.1_1","Islamabad","Bahawalpur","PK",22.4166666666667,-4.91666666666667,-4.91666666666667,-4.91666666666667,-4.91666666666667,,4.91666666666667,-21.9330855018587,-21.9330855018587,-21.9330855018587,-21.9330855018587,,21.9330855018587,"Islamabad - Bahawalpur"
"PAK.4.1_1_PAK.7.2_1",33.6692247086546,73.0666656755683,30.0224782853829,70.5493019194425,470.029104817092,"PAK.4.1_1","PAK.7.2_1","Islamabad","Dera Ghazi Khan","PK",18.4166666666667,-2.25,-2.25,-5.91666666666667,1.41666666666667,5.18544972870135,2.25,-11.2062055591467,-11.2062055591467,-32.1266968325792,9.71428571428572,29.5860424903962,11.2062055591467,"Islamabad - Dera Ghazi Khan"
"PAK.4.1_1_PAK.7.3_1",33.6692247086546,73.0666656755683,31.2099050851743,72.6237184341789,276.604452835558,"PAK.4.1_1","PAK.7.3_1","Islamabad","Faisalabad","PK",117.416666666667,-21.4583333333333,-21.4583333333333,-24.9166666666667,-18,4.89082190320695,21.4583333333333,-19.3908497637141,-19.3908497637141,-21.2207239176721,-17.5609756097561,2.5878328459634,19.3908497637141,"Islamabad - Faisalabad"
"PAK.4.1_1_PAK.7.4_1",33.6692247086546,73.0666656755683,32.3331628958553,74.0747512142852,175.806154316405,"PAK.4.1_1","PAK.7.4_1","Islamabad","Gujranwala","PK",237.166666666667,-17.25,-17.25,-47.8333333333333,13.3333333333333,43.2513647825772,17.25,-7.26628443626773,-7.26628443626773,-20.1544943820225,5.621925509487,18.2266812999982,7.26628443626773,"Islamabad - Gujranwala"
"PAK.4.1_1_PAK.7.5_1",33.6692247086546,73.0666656755683,31.2122490257376,73.94344561103,285.320542442313,"PAK.4.1_1","PAK.7.5_1","Islamabad","Lahore","PK",274.555114790729,-56.1942240620313,-56.1942240620313,-120.833333333333,8.44488520927068,91.4135049911918,56.1942240620313,-16.1622736431646,-16.1622736431646,-35.400390625,3.07584333867082,27.2068059502318,16.1622736431646,"Islamabad - Lahore"
"PAK.4.1_1_PAK.7.6_1",33.6692247086546,73.0666656755683,30.1252386539187,72.2354149605831,401.806010105042,"PAK.4.1_1","PAK.7.6_1","Islamabad","Multan","PK",79.9166666666667,-20.0833333333333,-20.0833333333333,-24.9166666666667,-15.25,6.83536555146996,20.0833333333333,-26.2909097561422,-26.2909097561422,-31.1783107403545,-21.4035087719298,6.91182875662872,26.2909097561422,"Islamabad - Multan"
"PAK.4.1_1_PAK.7.7_1",33.6692247086546,73.0666656755683,33.1952049160209,72.7230655487469,61.6022566904494,"PAK.4.1_1","PAK.7.7_1","Islamabad","Rawalpindi","PK",6668.08333333333,1560.29166666667,1560.29166666667,1406.91666666667,1713.66666666667,216.905005128974,1560.29166666667,20.1523378744799,20.1523378744799,19.2054093430712,21.0992664058887,1.33915917171635,20.1523378744799,"Islamabad - Rawalpindi"
"PAK.4.1_1_PAK.7.8_1",33.6692247086546,73.0666656755683,32.1003867797781,71.8891581019163,206.202794832261,"PAK.4.1_1","PAK.7.8_1","Islamabad","Sargodha","PK",135.140542003939,-24.9036043353029,-24.9036043353029,-25.1666666666667,-24.6405420039392,0.372026316764106,24.9036043353029,-20.2852748305554,-20.2852748305554,-22.3372781065089,-18.233271554602,2.9019708628874,20.2852748305554,"Islamabad - Sargodha"
"PAK.5.1_1_PAK.3.1_1",32.6824702146471,70.7936087143096,33.1700133050442,70.3861612705621,66.2204153268442,"PAK.5.1_1","PAK.3.1_1","Bannu","F.A.T.A.","PK",20.9166666666667,4.58333333333333,4.58333333333333,4.58333333333333,4.58333333333333,,4.58333333333333,21.9123505976096,21.9123505976096,21.9123505976096,21.9123505976096,,21.9123505976096,"Bannu - F.A.T.A."
"PAK.5.1_1_PAK.5.1_1",32.6824702146471,70.7936087143096,32.6824702146471,70.7936087143096,0,"PAK.5.1_1","PAK.5.1_1","Bannu","Bannu","PK",6153.75,-497.25,-497.25,-671.75,-322.75,246.780266634105,497.25,-7.99531013967834,-7.99531013967834,-10.745850829834,-5.24476944952265,3.88985194787723,7.99531013967834,"Bannu - Bannu"
"PAK.5.1_1_PAK.5.2_1",32.6824702146471,70.7936087143096,31.9373404910881,70.6290863322194,84.2850363417916,"PAK.5.1_1","PAK.5.2_1","Bannu","Dera Ismail Khan","PK",21,5.70833333333333,5.70833333333333,-0.583333333333334,12,8.89776032993072,5.70833333333333,27.4313634248488,27.4313634248488,-2.28013029315961,57.1428571428571,42.0183973743705,27.4313634248488,"Bannu - Dera Ismail Khan"
"PAK.5.1_1_PAK.5.5_1",32.6824702146471,70.7936087143096,33.3240386522153,71.2456287788584,82.8615832734852,"PAK.5.1_1","PAK.5.5_1","Bannu","Kohat","PK",25,0.0416666666666661,0.0416666666666661,-0.416666666666668,0.5,0.648181216087669,0.0416666666666661,0.326145552560645,0.326145552560645,-1.34770889487871,2,2.36718766100726,0.326145552560645,"Bannu - Kohat"
"PAK.5.1_1_PAK.5.8_1",32.6824702146471,70.7936087143096,34.0135551823037,71.7920103750481,174.660770958019,"PAK.5.1_1","PAK.5.8_1","Bannu","Peshawar","PK",31.5833333333333,-3.58333333333333,-3.58333333333333,-3.58333333333333,-3.58333333333333,,3.58333333333333,-11.3456464379947,-11.3456464379947,-11.3456464379947,-11.3456464379947,,11.3456464379947,"Bannu - Peshawar"
"PAK.5.2_1_PAK.5.1_1",31.9373404910881,70.6290863322194,32.6824702146471,70.7936087143096,84.2850363417919,"PAK.5.2_1","PAK.5.1_1","Dera Ismail Khan","Bannu","PK",21.3333333333333,0.833333333333334,0.833333333333334,-2.5,4.16666666666667,4.71404520791032,0.833333333333334,5.3796600877193,5.3796600877193,-8.7719298245614,19.53125,20.0133703830897,5.3796600877193,"Dera Ismail Khan - Bannu"
"PAK.5.2_1_PAK.5.2_1",31.9373404910881,70.6290863322194,31.9373404910881,70.6290863322194,0,"PAK.5.2_1","PAK.5.2_1","Dera Ismail Khan","Dera Ismail Khan","PK",8488.08333333333,349.322629650803,349.322629650803,293.916666666667,404.728592634939,78.3558642885072,349.322629650803,4.15711860247747,4.15711860247747,3.46269770364334,4.8515395013116,0.982059453126541,4.15711860247747,"Dera Ismail Khan - Dera Ismail Khan"
"PAK.5.2_1_PAK.7.2_1",31.9373404910881,70.6290863322194,30.0224782853829,70.5493019194425,213.059079809207,"PAK.5.2_1","PAK.7.2_1","Dera Ismail Khan","Dera Ghazi Khan","PK",15.8333333333333,0.166666666666667,0.166666666666667,0.166666666666667,0.166666666666667,,0.166666666666667,1.05263157894737,1.05263157894737,1.05263157894737,1.05263157894737,,1.05263157894737,"Dera Ismail Khan - Dera Ghazi Khan"
"PAK.5.2_1_PAK.7.8_1",31.9373404910881,70.6290863322194,32.1003867797781,71.8891581019163,120.173493164531,"PAK.5.2_1","PAK.7.8_1","Dera Ismail Khan","Sargodha","PK",31.25,-1.25,-1.25,-7.75,5.25,9.19238815542512,1.25,-0.357062146892654,-0.357062146892654,-17.5141242937853,16.8,24.2637499786137,0.357062146892654,"Dera Ismail Khan - Sargodha"
"PAK.5.3_1_PAK.5.3_1",32.9323422942606,70.7986144879738,32.9323422942606,70.7986144879738,0,"PAK.5.3_1","PAK.5.3_1","F.A.T.A.","F.A.T.A.","PK",871.833333333333,-116.333333333333,-116.333333333333,-125.333333333333,-107.333333333333,12.7279220613579,116.333333333333,-13.6824724358286,-13.6824724358286,-14.3758363601606,-12.9891085114966,0.980564665450554,13.6824724358286,"F.A.T.A. - F.A.T.A."
"PAK.5.3_1_PAK.5.5_1",32.9323422942606,70.7986144879738,33.3240386522153,71.2456287788584,60.2472322245988,"PAK.5.3_1","PAK.5.5_1","F.A.T.A.","Kohat","PK",13.1666666666667,2.83333333333333,2.83333333333333,2.83333333333333,2.83333333333333,,2.83333333333333,21.5189873417721,21.5189873417721,21.5189873417721,21.5189873417721,,21.5189873417721,"F.A.T.A. - Kohat"
"PAK.5.3_1_PAK.5.8_1",32.9323422942606,70.7986144879738,34.0135551823037,71.7920103750481,151.470794324896,"PAK.5.3_1","PAK.5.8_1","F.A.T.A.","Peshawar","PK",35.25,5.41666666666667,5.41666666666667,2.08333333333334,8.75,4.71404520791031,5.41666666666667,14.7832640262694,14.7832640262694,4.7438330170778,24.822695035461,14.1978994917078,14.7832640262694,"F.A.T.A. - Peshawar"
"PAK.5.4_1_PAK.4.1_1",34.8412142650208,73.2243661662354,33.6692247086546,73.0666656755683,131.122933091476,"PAK.5.4_1","PAK.4.1_1","Hazara","Islamabad","PK",255.416666666667,-73.625,-73.625,-178.333333333333,31.0833333333333,148.079945093483,73.625,-20.6251063860979,-20.6251063860979,-53.4198701947079,12.1696574225122,46.3787997529587,20.6251063860979,"Hazara - Islamabad"
"PAK.5.4_1_PAK.5.4_1",34.8412142650208,73.2243661662354,34.8412142650208,73.2243661662354,0,"PAK.5.4_1","PAK.5.4_1","Hazara","Hazara","PK",31623.0589652983,-1413.36281598248,-1413.36281598248,-2994.16666666667,167.441034701698,2235.59424508918,1413.36281598248,-4.47118676501635,-4.47118676501635,-9.47186384558199,0.529490315549297,7.07202534838423,4.47118676501635,"Hazara - Hazara"
"PAK.5.4_1_PAK.5.6_1",34.8412142650208,73.2243661662354,35.6924113719009,72.2469303359298,129.74064660999,"PAK.5.4_1","PAK.5.6_1","Hazara","Malakand","PK",49.5,-6.91666666666667,-6.91666666666667,-9.83333333333334,-4,4.12478955692153,6.91666666666667,-13.1735309753886,-13.1735309753886,-18.266253869969,-8.08080808080808,7.20219778692368,13.1735309753886,"Hazara - Malakand"
"PAK.5.4_1_PAK.5.7_1",34.8412142650208,73.2243661662354,34.3054247124276,72.3623293245186,98.887210360754,"PAK.5.4_1","PAK.5.7_1","Hazara","Mardan","PK",41.6666666666667,-8.75,-8.75,-16.3333333333333,-1.16666666666667,10.724452847996,8.75,-17.1556270096463,-17.1556270096463,-31.5112540192926,-2.8,20.3019224134113,17.1556270096463,"Hazara - Mardan"
"PAK.5.4_1_PAK.5.8_1",34.8412142650208,73.2243661662354,34.0135551823037,71.7920103750481,160.3989729371,"PAK.5.4_1","PAK.5.8_1","Hazara","Peshawar","PK",73.0833333333333,-26.5,-26.5,-51.9166666666667,-1.08333333333333,35.9445947103162,26.5,-25.1342719047368,-25.1342719047368,-48.7862176977291,-1.48232611174458,33.4489025169629,25.1342719047368,"Hazara - Peshawar"
"PAK.5.4_1_PAK.7.5_1",34.8412142650208,73.2243661662354,31.2122490257376,73.94344561103,409.049669036632,"PAK.5.4_1","PAK.7.5_1","Hazara","Lahore","PK",52.3333333333333,-27.4548913514259,-27.4548913514259,-42.5764493695185,-12.3333333333333,21.3851124333982,27.4548913514259,-45.0066047785122,-45.0066047785122,-66.4463305761326,-23.5668789808917,30.3203509965552,45.0066047785122,"Hazara - Lahore"
"PAK.5.4_1_PAK.7.7_1",34.8412142650208,73.2243661662354,33.1952049160209,72.7230655487469,188.768714528969,"PAK.5.4_1","PAK.7.7_1","Hazara","Rawalpindi","PK",398.666666666667,-82.2916666666667,-82.2916666666667,-168.916666666667,4.33333333333336,122.506249840569,82.2916666666667,-18.5036933234191,-18.5036933234191,-38.0943431685773,1.08695652173914,27.7053627067252,18.5036933234191,"Hazara - Rawalpindi"
"PAK.5.5_1_PAK.5.1_1",33.3240386522153,71.2456287788584,32.6824702146471,70.7936087143096,82.8615832734852,"PAK.5.5_1","PAK.5.1_1","Kohat","Bannu","PK",27.3333333333333,-1.79166666666667,-1.79166666666667,-2.75,-0.833333333333334,1.35528799727422,1.79166666666667,-5.6597285897671,-5.6597285897671,-8.27067669172932,-3.04878048780488,3.69243821644726,5.6597285897671,"Kohat - Bannu"
"PAK.5.5_1_PAK.5.5_1",33.3240386522153,71.2456287788584,33.3240386522153,71.2456287788584,0,"PAK.5.5_1","PAK.5.5_1","Kohat","Kohat","PK",9436.33333333333,-247.176239239714,-247.176239239714,-533.519145146094,39.166666666667,404.950021022126,247.176239239714,-2.64917289184495,-2.64917289184495,-5.71340813135319,0.415062347663291,4.33348303401412,2.64917289184495,"Kohat - Kohat"
"PAK.5.5_1_PAK.5.8_1",33.3240386522153,71.2456287788584,34.0135551823037,71.7920103750481,91.8424162428185,"PAK.5.5_1","PAK.5.8_1","Kohat","Peshawar","PK",77.1666666666667,7.66666666666667,7.66666666666667,-13,28.3333333333333,29.227080289044,7.66666666666667,12.5807535397168,12.5807535397168,-11.5555555555556,36.7170626349892,34.1338956681633,12.5807535397168,"Kohat - Peshawar"
"PAK.5.5_1_PAK.7.7_1",33.3240386522153,71.2456287788584,33.1952049160209,72.7230655487469,138.116819699829,"PAK.5.5_1","PAK.7.7_1","Kohat","Rawalpindi","PK",22.5,2.29166666666667,2.29166666666667,-6.91666666666667,11.5,13.0225498868523,2.29166666666667,14.1856925418569,14.1856925418569,-22.7397260273973,51.1111111111111,52.2204277369426,14.1856925418569,"Kohat - Rawalpindi"
"PAK.5.6_1_PAK.3.1_1",35.6924113719009,72.2469303359298,33.1700133050442,70.3861612705621,328.299394961749,"PAK.5.6_1","PAK.3.1_1","Malakand","F.A.T.A.","PK",36.1666666666667,-4.29166666666667,-4.29166666666667,-9.91666666666667,1.33333333333333,7.95495128834866,4.29166666666667,-10.2748083005622,-10.2748083005622,-24.2362525458248,3.68663594470046,19.7444638019662,10.2748083005622,"Malakand - F.A.T.A."
"PAK.5.6_1_PAK.4.1_1",35.6924113719009,72.2469303359298,33.6692247086546,73.0666656755683,237.123992792063,"PAK.5.6_1","PAK.4.1_1","Malakand","Islamabad","PK",73.5833333333333,-26.6666666666667,-26.6666666666667,-67.25,13.9166666666667,57.3935004063081,26.6666666666667,-24.084748491173,-24.084748491173,-67.0822942643392,18.9127972819932,60.8077123811696,24.084748491173,"Malakand - Islamabad"
"PAK.5.6_1_PAK.5.4_1",35.6924113719009,72.2469303359298,34.8412142650208,73.2243661662354,129.74064660999,"PAK.5.6_1","PAK.5.4_1","Malakand","Hazara","PK",47.75,-12.0833333333333,-12.0833333333333,-16.9166666666667,-7.25,6.83536555146996,12.0833333333333,-22.4525307965321,-22.4525307965321,-29.7218155197657,-15.1832460732984,10.2803210443486,22.4525307965321,"Malakand - Hazara"
"PAK.5.6_1_PAK.5.6_1",35.6924113719009,72.2469303359298,35.6924113719009,72.2469303359298,0,"PAK.5.6_1","PAK.5.6_1","Malakand","Malakand","PK",37569.1666666667,-2821.70833333333,-2821.70833333333,-6708.25,1064.83333333333,5496.39993572813,2821.70833333333,-7.5386926377091,-7.5386926377091,-17.9117130708178,2.83432779539959,14.6696661792755,7.5386926377091,"Malakand - Malakand"
"PAK.5.6_1_PAK.5.7_1",35.6924113719009,72.2469303359298,34.3054247124276,72.3623293245186,154.583865674455,"PAK.5.6_1","PAK.5.7_1","Malakand","Mardan","PK",169.666666666667,-29.3333333333333,-29.3333333333333,-67.5,8.83333333333334,53.9758176305731,29.3333333333333,-14.1047773736116,-14.1047773736116,-33.4158415841584,5.20628683693517,27.309968910413,14.1047773736116,"Malakand - Mardan"
"PAK.5.6_1_PAK.5.8_1",35.6924113719009,72.2469303359298,34.0135551823037,71.7920103750481,191.239375978925,"PAK.5.6_1","PAK.5.8_1","Malakand","Peshawar","PK",156,-62.1666666666667,-62.1666666666667,-105.333333333333,-19,61.0468854424386,62.1666666666667,-27.7781444133537,-27.7781444133537,-43.3768016472203,-12.1794871794872,22.0598326149433,27.7781444133537,"Malakand - Peshawar"
"PAK.5.6_1_PAK.7.5_1",35.6924113719009,72.2469303359298,31.2122490257376,73.94344561103,522.416209723126,"PAK.5.6_1","PAK.7.5_1","Malakand","Lahore","PK",18.9166666666667,-1.41666666666667,-1.41666666666667,-1.41666666666667,-1.41666666666667,,1.41666666666667,-7.48898678414097,-7.48898678414097,-7.48898678414097,-7.48898678414097,,7.48898678414097,"Malakand - Lahore"
"PAK.5.6_1_PAK.7.7_1",35.6924113719009,72.2469303359298,33.1952049160209,72.7230655487469,281.087550561586,"PAK.5.6_1","PAK.7.7_1","Malakand","Rawalpindi","PK",58.5,-17.4166666666667,-17.4166666666667,-42.8333333333333,8,35.9445947103162,17.4166666666667,-19.8221441997376,-19.8221441997376,-53.3195020746888,13.6752136752137,47.3724178104212,19.8221441997376,"Malakand - Rawalpindi"
"PAK.5.7_1_PAK.4.1_1",34.3054247124276,72.3623293245186,33.6692247086546,73.0666656755683,96.0281981899442,"PAK.5.7_1","PAK.4.1_1","Mardan","Islamabad","PK",86,20.375,20.375,-50.25,91,99.8788328425998,20.375,32.3548295049223,32.3548295049223,-41.1042944785276,105.813953488372,103.886889417441,32.3548295049223,"Mardan - Islamabad"
"PAK.5.7_1_PAK.5.4_1",34.3054247124276,72.3623293245186,34.8412142650208,73.2243661662354,98.887210360754,"PAK.5.7_1","PAK.5.4_1","Mardan","Hazara","PK",42.8333333333333,0.336264280565699,0.336264280565699,-14.4941381055353,15.1666666666667,20.9733561898743,0.336264280565699,3.89879764977064,3.89879764977064,-27.6109650117428,35.408560311284,44.5615337030696,3.89879764977064,"Mardan - Hazara"
"PAK.5.7_1_PAK.5.6_1",34.3054247124276,72.3623293245186,35.6924113719009,72.2469303359298,154.583865674455,"PAK.5.7_1","PAK.5.6_1","Mardan","Malakand","PK",142.25,-7.95833333333334,-7.95833333333334,-36.6666666666667,20.75,40.5997143531276,7.95833333333334,-2.50169408767315,-2.50169408767315,-19.5903829029386,14.5869947275923,24.1670554857218,2.50169408767315,"Mardan - Malakand"
"PAK.5.7_1_PAK.5.7_1",34.3054247124276,72.3623293245186,34.3054247124276,72.3623293245186,0,"PAK.5.7_1","PAK.5.7_1","Mardan","Mardan","PK",24384.25,-650.583333333334,-650.583333333334,-1687.41666666667,386.25,1466.30376192051,650.583333333334,-2.73440306260588,-2.73440306260588,-7.05282039671898,1.58401427150722,6.10716436188981,2.73440306260588,"Mardan - Mardan"
"PAK.5.7_1_PAK.5.8_1",34.3054247124276,72.3623293245186,34.0135551823037,71.7920103750481,61.7008068911063,"PAK.5.7_1","PAK.5.8_1","Mardan","Peshawar","PK",315.083333333333,-18.2916666666667,-18.2916666666667,-71.5,34.9166666666667,75.2479466312684,18.2916666666667,-2.39476487525542,-2.39476487525542,-15.8712541620422,11.0817244115313,19.0586339225496,2.39476487525542,"Mardan - Peshawar"
"PAK.5.7_1_PAK.7.7_1",34.3054247124276,72.3623293245186,33.1952049160209,72.7230655487469,127.876560613195,"PAK.5.7_1","PAK.7.7_1","Mardan","Rawalpindi","PK",81.6666666666667,2.75,2.75,-37.3333333333333,42.8333333333333,56.6863936251216,2.75,9.07288183267181,9.07288183267181,-34.3032159264931,52.4489795918367,61.3430657338323,9.07288183267181,"Mardan - Rawalpindi"
"PAK.5.8_1_PAK.3.1_1",34.0135551823037,71.7920103750481,33.1700133050442,70.3861612705621,160.479478362178,"PAK.5.8_1","PAK.3.1_1","Peshawar","F.A.T.A.","PK",289.75,24,24,4.25000000000002,43.75,27.9307178568686,24,8.24235827052098,8.24235827052098,1.38549307253464,15.0992234685073,9.69707175835636,8.24235827052098,"Peshawar - F.A.T.A."
"PAK.5.8_1_PAK.4.1_1",34.0135551823037,71.7920103750481,33.6692247086546,73.0666656755683,123.79167028925,"PAK.5.8_1","PAK.4.1_1","Peshawar","Islamabad","PK",202.083333333333,91.125,91.125,-55.1666666666667,237.416666666667,206.887659062164,91.125,48.2209711563039,48.2209711563039,-21.0425937698665,117.484536082474,97.9534728968995,48.2209711563039,"Peshawar - Islamabad"
"PAK.5.8_1_PAK.5.1_1",34.0135551823037,71.7920103750481,32.6824702146471,70.7936087143096,174.660770958019,"PAK.5.8_1","PAK.5.1_1","Peshawar","Bannu","PK",26.5,-1.16666666666667,-1.16666666666667,-3.83333333333333,1.5,3.77123616632825,1.16666666666667,-2.75233559259938,-2.75233559259938,-11.1650485436893,5.66037735849056,11.8973727517832,2.75233559259938,"Peshawar - Bannu"
"PAK.5.8_1_PAK.5.3_1",34.0135551823037,71.7920103750481,32.9323422942606,70.7986144879738,151.470794324896,"PAK.5.8_1","PAK.5.3_1","Peshawar","F.A.T.A.","PK",42.8333333333333,-2.08333333333333,-2.08333333333333,-3.33333333333333,-0.833333333333332,1.76776695296637,2.08333333333333,-4.95037261755589,-4.95037261755589,-7.78210116731518,-2.11864406779661,4.00466892002868,4.95037261755589,"Peshawar - F.A.T.A."
"PAK.5.8_1_PAK.5.4_1",34.0135551823037,71.7920103750481,34.8412142650208,73.2243661662354,160.3989729371,"PAK.5.8_1","PAK.5.4_1","Peshawar","Hazara","PK",78.9166666666667,-3.91666666666666,-3.91666666666666,-21.9166666666667,14.0833333333333,25.4558441227157,3.91666666666666,-3.83169271076051,-3.83169271076051,-25.5092143549951,17.8458289334741,30.6566451079129,3.83169271076051,"Peshawar - Hazara"
"PAK.5.8_1_PAK.5.5_1",34.0135551823037,71.7920103750481,33.3240386522153,71.2456287788584,91.8424162428184,"PAK.5.8_1","PAK.5.5_1","Peshawar","Kohat","PK",96.6666666666667,4.04166666666666,4.04166666666666,0.749999999999993,7.33333333333333,4.65511964281144,4.04166666666666,4.13170389974313,4.13170389974313,0.677200902934531,7.58620689655172,4.88540498934521,4.13170389974313,"Peshawar - Kohat"
"PAK.5.8_1_PAK.5.6_1",34.0135551823037,71.7920103750481,35.6924113719009,72.2469303359298,191.239375978925,"PAK.5.8_1","PAK.5.6_1","Peshawar","Malakand","PK",180.833333333333,-10.7083333333333,-10.7083333333333,-33.5833333333333,12.1666666666667,32.3501352392845,10.7083333333333,-5.19948061206304,-5.19948061206304,-17.1270718232044,6.72811059907833,16.8681612572383,5.19948061206304,"Peshawar - Malakand"
"PAK.5.8_1_PAK.5.7_1",34.0135551823037,71.7920103750481,34.3054247124276,72.3623293245186,61.7008068911065,"PAK.5.8_1","PAK.5.7_1","Peshawar","Mardan","PK",343.833333333333,21.4583333333333,21.4583333333333,16.75,26.1666666666666,6.65858885617329,21.4583333333333,5.82686415919068,5.82686415919068,4.04345202172602,7.61027629665535,2.52212563210332,5.82686415919068,"Peshawar - Mardan"
"PAK.5.8_1_PAK.5.8_1",34.0135551823037,71.7920103750481,34.0135551823037,71.7920103750481,0,"PAK.5.8_1","PAK.5.8_1","Peshawar","Peshawar","PK",74125.0833333333,3335.20833333333,3335.20833333333,3163.91666666667,3506.5,242.242998121491,3335.20833333333,4.46271289894925,4.46271289894925,4.26834820871478,4.65707758918373,0.274873180976045,4.46271289894925,"Peshawar - Peshawar"
"PAK.5.8_1_PAK.7.4_1",34.0135551823037,71.7920103750481,32.3331628958553,74.0747512142852,282.919752466895,"PAK.5.8_1","PAK.7.4_1","Peshawar","Gujranwala","PK",12.4166666666667,-1.91666666666667,-1.91666666666667,-1.91666666666667,-1.91666666666667,,1.91666666666667,-15.4362416107383,-15.4362416107383,-15.4362416107383,-15.4362416107383,,15.4362416107383,"Peshawar - Gujranwala"
"PAK.5.8_1_PAK.7.5_1",34.0135551823037,71.7920103750481,31.2122490257376,73.94344561103,370.963423968895,"PAK.5.8_1","PAK.7.5_1","Peshawar","Lahore","PK",30.75,5.625,5.625,-5.5,16.75,15.7331258814007,5.625,21.7902278032681,21.7902278032681,-10.8910891089109,54.4715447154472,46.2183616134168,21.7902278032681,"Peshawar - Lahore"
"PAK.5.8_1_PAK.7.7_1",34.0135551823037,71.7920103750481,33.1952049160209,72.7230655487469,125.35992496294,"PAK.5.8_1","PAK.7.7_1","Peshawar","Rawalpindi","PK",202.45568344731,51.1471582763449,51.1471582763449,-30.25,132.54431655269,115.112965173036,51.1471582763449,25.9287561937418,25.9287561937418,-13.6107986501687,65.4683110376523,55.9173747104531,25.9287561937418,"Peshawar - Rawalpindi"
"PAK.7.1_1_PAK.7.1_1",28.8489179399769,71.6377266783005,28.8489179399769,71.6377266783005,0,"PAK.7.1_1","PAK.7.1_1","Bahawalpur","Bahawalpur","PK",64263.9938796676,-1717.41655086294,-1717.41655086294,-4330.99387966759,896.160777941706,3696.15650470638,1717.41655086294,-2.6756080692878,-2.6756080692878,-6.73937864455988,1.38816250598429,5.7470394619225,2.6756080692878,"Bahawalpur - Bahawalpur"
"PAK.7.1_1_PAK.7.2_1",28.8489179399769,71.6377266783005,30.0224782853829,70.5493019194425,167.743391928154,"PAK.7.1_1","PAK.7.2_1","Bahawalpur","Dera Ghazi Khan","PK",69.5,-4.375,-4.375,-14.5,5.75,14.3189123190276,4.375,-5.5793340011535,-5.5793340011535,-20.863309352518,9.70464135021098,21.6148052288757,5.5793340011535,"Bahawalpur - Dera Ghazi Khan"
"PAK.7.1_1_PAK.7.3_1",28.8489179399769,71.6377266783005,31.2099050851743,72.6237184341789,279.158436245238,"PAK.7.1_1","PAK.7.3_1","Bahawalpur","Faisalabad","PK",48.0833333333333,-8.66666666666667,-8.66666666666667,-10.25,-7.08333333333334,2.2391714737574,8.66666666666667,-17.1742970155813,-17.1742970155813,-19.6172248803828,-14.7313691507799,3.45482171830134,17.1742970155813,"Bahawalpur - Faisalabad"
"PAK.7.1_1_PAK.7.5_1",28.8489179399769,71.6377266783005,31.2122490257376,73.94344561103,343.966263717193,"PAK.7.1_1","PAK.7.5_1","Bahawalpur","Lahore","PK",107.25,-29.4616238910438,-29.4616238910438,-80.1732477820876,21.25,71.7170662766776,29.4616238910438,-10.1693516085855,-10.1693516085855,-40.1522230306907,19.8135198135198,42.40218340403,10.1693516085855,"Bahawalpur - Lahore"
"PAK.7.1_1_PAK.7.6_1",28.8489179399769,71.6377266783005,30.1252386539187,72.2354149605831,153.257775366732,"PAK.7.1_1","PAK.7.6_1","Bahawalpur","Multan","PK",437.833333333333,4.04166666666667,4.04166666666667,-8.33333333333334,16.4166666666667,17.5008928343671,4.04166666666667,0.718118656823953,0.718118656823953,-1.90331176246669,3.3395490761146,3.70726245177822,0.718118656823953,"Bahawalpur - Multan"
"PAK.7.1_1_PAK.8.6_1",28.8489179399769,71.6377266783005,27.0398298023505,69.0210887094943,326.372698951751,"PAK.7.1_1","PAK.8.6_1","Bahawalpur","Sukkur","PK",126.916666666667,-8.83333333333333,-8.83333333333333,-11.25,-6.41666666666666,3.41768277573498,8.83333333333333,-7.14802865305561,-7.14802865305561,-9.24024640657084,-5.05581089954038,2.95884272245901,7.14802865305561,"Bahawalpur - Sukkur"
"PAK.7.2_1_PAK.2.6_1",30.0224782853829,70.5493019194425,30.8799472504458,68.9666305805951,179.180410201686,"PAK.7.2_1","PAK.2.6_1","Dera Ghazi Khan","Zhob","PK",15.5833333333333,2.25,2.25,-2.91666666666667,7.41666666666667,7.30677007226099,2.25,15.4235857022235,15.4235857022235,-16.7464114832536,47.5935828877005,45.495246321206,15.4235857022235,"Dera Ghazi Khan - Zhob"
"PAK.7.2_1_PAK.5.2_1",30.0224782853829,70.5493019194425,31.9373404910881,70.6290863322194,213.059079809207,"PAK.7.2_1","PAK.5.2_1","Dera Ghazi Khan","Dera Ismail Khan","PK",16.25,2.91666666666667,2.91666666666667,-1.75,7.58333333333333,6.59966329107444,2.91666666666667,20.9159626500667,20.9159626500667,-10.7692307692308,52.6011560693642,44.8096302599852,20.9159626500667,"Dera Ghazi Khan - Dera Ismail Khan"
"PAK.7.2_1_PAK.7.1_1",30.0224782853829,70.5493019194425,28.8489179399769,71.6377266783005,167.743391928155,"PAK.7.2_1","PAK.7.1_1","Dera Ghazi Khan","Bahawalpur","PK",61.5,-6.79166666666667,-6.79166666666667,-10.5833333333333,-3,5.36222642399798,6.79166666666667,-10.0988555120774,-10.0988555120774,-15.3196622436671,-4.87804878048781,7.3833356863428,10.0988555120774,"Dera Ghazi Khan - Bahawalpur"
"PAK.7.2_1_PAK.7.2_1",30.0224782853829,70.5493019194425,30.0224782853829,70.5493019194425,0,"PAK.7.2_1","PAK.7.2_1","Dera Ghazi Khan","Dera Ghazi Khan","PK",34982.1666666667,-1603.75,-1603.75,-1614.33333333333,-1593.16666666667,14.9670935351148,1603.75,-4.58305054513613,-4.58305054513613,-4.61187584216966,-4.5542252481026,0.0407651260042525,4.58305054513613,"Dera Ghazi Khan - Dera Ghazi Khan"
"PAK.7.2_1_PAK.7.3_1",30.0224782853829,70.5493019194425,31.2099050851743,72.6237184341789,238.402307969326,"PAK.7.2_1","PAK.7.3_1","Dera Ghazi Khan","Faisalabad","PK",51.6666666666667,-10.6666666666667,-10.6666666666667,-10.6666666666667,-10.6666666666667,,10.6666666666667,-20.6451612903226,-20.6451612903226,-20.6451612903226,-20.6451612903226,,20.6451612903226,"Dera Ghazi Khan - Faisalabad"
"PAK.7.2_1_PAK.7.5_1",30.0224782853829,70.5493019194425,31.2122490257376,73.94344561103,350.683967698701,"PAK.7.2_1","PAK.7.5_1","Dera Ghazi Khan","Lahore","PK",46.1666666666667,5.56359524411409,5.56359524411409,-27.2061428451052,38.3333333333333,46.343408041188,5.56359524411409,25.8275399629434,25.8275399629434,-31.3774110488425,83.0324909747293,80.9000175557561,25.8275399629434,"Dera Ghazi Khan - Lahore"
"PAK.7.2_1_PAK.7.6_1",30.0224782853829,70.5493019194425,30.1252386539187,72.2354149605831,162.648320096423,"PAK.7.2_1","PAK.7.6_1","Dera Ghazi Khan","Multan","PK",327.583333333333,-8.99999999999999,-8.99999999999999,-29.9166666666667,11.9166666666667,29.5806336796372,8.99999999999999,-1.75184251796847,-1.75184251796847,-7.14143624428088,3.63775120834393,7.62203654343195,1.75184251796847,"Dera Ghazi Khan - Multan"
"PAK.7.2_1_PAK.7.8_1",30.0224782853829,70.5493019194425,32.1003867797781,71.8891581019163,263.949489092541,"PAK.7.2_1","PAK.7.8_1","Dera Ghazi Khan","Sargodha","PK",50.9166666666667,-8.83333333333333,-8.83333333333333,-11.25,-6.41666666666667,3.41768277573498,8.83333333333333,-15.8756137479542,-15.8756137479542,-19.1489361702128,-12.6022913256956,4.62917696357805,15.8756137479542,"Dera Ghazi Khan - Sargodha"
"PAK.7.2_1_PAK.8.3_1",30.0224782853829,70.5493019194425,27.8953345625544,68.348474529644,319.034054153683,"PAK.7.2_1","PAK.8.3_1","Dera Ghazi Khan","Larkana","PK",45.4166666666667,-9.04166666666667,-9.04166666666667,-20.4166666666667,2.33333333333333,16.086679271994,9.04166666666667,-20.1041828642513,-20.1041828642513,-44.954128440367,4.7457627118644,35.1431300579761,20.1041828642513,"Dera Ghazi Khan - Larkana"
"PAK.7.2_1_PAK.8.6_1",30.0224782853829,70.5493019194425,27.0398298023505,69.0210887094943,363.695303770905,"PAK.7.2_1","PAK.8.6_1","Dera Ghazi Khan","Sukkur","PK",16.0833333333333,-1.125,-1.125,-2.08333333333333,-0.166666666666667,1.35528799727422,1.125,-6.99214785534961,-6.99214785534961,-12.9533678756477,-1.03092783505155,8.43043820099553,6.99214785534961,"Dera Ghazi Khan - Sukkur"
"PAK.7.3_1_PAK.4.1_1",31.2099050851743,72.6237184341789,33.6692247086546,73.0666656755683,276.604452835558,"PAK.7.3_1","PAK.4.1_1","Faisalabad","Islamabad","PK",80.1666666666667,-18.1889604046795,-18.1889604046795,-46.7112541426923,10.3333333333333,40.3366146342869,18.1889604046795,-13.9154559675675,-13.9154559675675,-40.7207248249478,12.8898128898129,37.9083747611645,13.9154559675675,"Faisalabad - Islamabad"
"PAK.7.3_1_PAK.7.1_1",31.2099050851743,72.6237184341789,28.8489179399769,71.6377266783005,279.158436245238,"PAK.7.3_1","PAK.7.1_1","Faisalabad","Bahawalpur","PK",54.0833333333333,-7.83333333333333,-7.83333333333333,-10.5833333333333,-5.08333333333333,3.88908729652601,7.83333333333333,-14.3061943313232,-14.3061943313232,-19.2133131618759,-9.39907550077042,6.93971400234412,14.3061943313232,"Faisalabad - Bahawalpur"
"PAK.7.3_1_PAK.7.2_1",31.2099050851743,72.6237184341789,30.0224782853829,70.5493019194425,238.402307969326,"PAK.7.3_1","PAK.7.2_1","Faisalabad","Dera Ghazi Khan","PK",53.8333333333333,-9.41666666666667,-9.41666666666667,-13.8333333333333,-5,6.24610990048117,9.41666666666667,-18.5954236504039,-18.5954236504039,-25.6965944272446,-11.4942528735632,10.0425720213356,18.5954236504039,"Faisalabad - Dera Ghazi Khan"
"PAK.7.3_1_PAK.7.3_1",31.2099050851743,72.6237184341789,31.2099050851743,72.6237184341789,0,"PAK.7.3_1","PAK.7.3_1","Faisalabad","Faisalabad","PK",145425.104822804,-1603.31391069543,-1603.31391069543,-3311.02299858663,104.39517719578,2415.06535268353,1603.31391069543,-1.10377558730636,-1.10377558730636,-2.27933738877635,0.0717862141636288,1.66249544304661,1.10377558730636,"Faisalabad - Faisalabad"
"PAK.7.3_1_PAK.7.4_1",31.2099050851743,72.6237184341789,32.3331628958553,74.0747512142852,185.511101924545,"PAK.7.3_1","PAK.7.4_1","Faisalabad","Gujranwala","PK",148.583333333333,4.54166666666667,4.54166666666667,-11.8333333333333,20.9166666666667,23.1577470838594,4.54166666666667,3.37134345030894,3.37134345030894,-7.33471074380165,14.0773976444195,15.1406470408126,3.37134345030894,"Faisalabad - Gujranwala"
"PAK.7.3_1_PAK.7.5_1",31.2099050851743,72.6237184341789,31.2122490257376,73.94344561103,125.507133936521,"PAK.7.3_1","PAK.7.5_1","Faisalabad","Lahore","PK",845,117.484347072315,117.484347072315,-203.03130585537,438,453.2775833232,117.484347072315,17.0281168441573,17.0281168441573,-17.7780858383126,51.8343195266272,49.2234038882558,17.0281168441573,"Faisalabad - Lahore"
"PAK.7.3_1_PAK.7.6_1",31.2099050851743,72.6237184341789,30.1252386539187,72.2354149605831,126.197744086746,"PAK.7.3_1","PAK.7.6_1","Faisalabad","Multan","PK",314.25,-26.7083333333333,-26.7083333333333,-54.6666666666667,1.24999999999998,39.5390541813478,26.7083333333333,-8.54311802731993,-8.54311802731993,-17.4840085287847,0.397772474144784,12.6443286068642,8.54311802731993,"Faisalabad - Multan"
"PAK.7.3_1_PAK.7.7_1",31.2099050851743,72.6237184341789,33.1952049160209,72.7230655487469,220.95338764886,"PAK.7.3_1","PAK.7.7_1","Faisalabad","Rawalpindi","PK",91.6666666666667,-0.958333333333332,-0.958333333333332,-25.75,23.8333333333333,35.060711233833,0.958333333333332,-0.104325699745544,-0.104325699745544,-26.2086513994911,26,36.9170914411847,0.104325699745544,"Faisalabad - Rawalpindi"
"PAK.7.3_1_PAK.7.8_1",31.2099050851743,72.6237184341789,32.1003867797781,71.8891581019163,120.988598975264,"PAK.7.3_1","PAK.7.8_1","Faisalabad","Sargodha","PK",163.666666666667,-17.625,-17.625,-31.5833333333333,-3.66666666666667,19.7400643081245,17.625,-10.6571533706362,-10.6571533706362,-19.073980875692,-2.24032586558045,11.9031916098048,10.6571533706362,"Faisalabad - Sargodha"
"PAK.7.3_1_PAK.8.6_1",31.2099050851743,72.6237184341789,27.0398298023505,69.0210887094943,580.824435114691,"PAK.7.3_1","PAK.8.6_1","Faisalabad","Sukkur","PK",26.5833333333333,2.91666666666667,2.91666666666667,2.91666666666667,2.91666666666667,,2.91666666666667,10.9717868338558,10.9717868338558,10.9717868338558,10.9717868338558,,10.9717868338558,"Faisalabad - Sukkur"
"PAK.7.4_1_PAK.4.1_1",32.3331628958553,74.0747512142852,33.6692247086546,73.0666656755683,175.806154316405,"PAK.7.4_1","PAK.4.1_1","Gujranwala","Islamabad","PK",177,-32.2357387425172,-32.2357387425172,-126.971477485034,62.5,133.976566571102,32.2357387425172,-5.10170432092663,-5.10170432092663,-45.5141431051301,35.3107344632768,57.151819017193,5.10170432092663,"Gujranwala - Islamabad"
"PAK.7.4_1_PAK.5.4_1",32.3331628958553,74.0747512142852,34.8412142650208,73.2243661662354,289.790219889143,"PAK.7.4_1","PAK.5.4_1","Gujranwala","Hazara","PK",20.9166666666667,2.08333333333333,2.08333333333333,2.08333333333333,2.08333333333333,,2.08333333333333,9.9601593625498,9.9601593625498,9.9601593625498,9.9601593625498,,9.9601593625498,"Gujranwala - Hazara"
"PAK.7.4_1_PAK.5.8_1",32.3331628958553,74.0747512142852,34.0135551823037,71.7920103750481,282.919752466895,"PAK.7.4_1","PAK.5.8_1","Gujranwala","Peshawar","PK",11.8333333333333,-0.333333333333333,-0.333333333333333,-0.333333333333333,-0.333333333333333,,0.333333333333333,-2.8169014084507,-2.8169014084507,-2.8169014084507,-2.8169014084507,,2.8169014084507,"Gujranwala - Peshawar"
"PAK.7.4_1_PAK.7.3_1",32.3331628958553,74.0747512142852,31.2099050851743,72.6237184341789,185.511101924545,"PAK.7.4_1","PAK.7.3_1","Gujranwala","Faisalabad","PK",156.833333333333,9,9,-10.6666666666667,28.6666666666667,27.8128667266709,9,5.69093774048151,5.69093774048151,-6.89655172413793,18.278427205101,17.8013983170933,5.69093774048151,"Gujranwala - Faisalabad"
"PAK.7.4_1_PAK.7.4_1",32.3331628958553,74.0747512142852,32.3331628958553,74.0747512142852,0,"PAK.7.4_1","PAK.7.4_1","Gujranwala","Gujranwala","PK",200467.166666667,-4839.25,-4839.25,-8910.33333333334,-768.166666666657,5757.38126355108,4839.25,-2.38718406345519,-2.38718406345519,-4.39117985750966,-0.38318826940072,2.83407803089047,2.38718406345519,"Gujranwala - Gujranwala"
"PAK.7.4_1_PAK.7.5_1",32.3331628958553,74.0747512142852,31.2122490257376,73.94344561103,125.256629602488,"PAK.7.4_1","PAK.7.5_1","Gujranwala","Lahore","PK",1275.25,9.68932563427612,9.68932563427612,-373.871348731448,393.25,542.436707680977,9.68932563427612,4.19368106046813,4.19368106046813,-22.4497286455801,30.8370907665164,37.6794713541564,4.19368106046813,"Gujranwala - Lahore"
"PAK.7.4_1_PAK.7.6_1",32.3331628958553,74.0747512142852,30.1252386539187,72.2354149605831,301.418332344376,"PAK.7.4_1","PAK.7.6_1","Gujranwala","Multan","PK",49.8984131311004,-4.28253989888351,-4.28253989888351,-4.39841313110036,-4.16666666666667,0.16386949651707,4.28253989888351,-9.72651668105642,-9.72651668105642,-10.6382978723404,-8.81473548977241,1.28945332663054,9.72651668105642,"Gujranwala - Multan"
"PAK.7.4_1_PAK.7.7_1",32.3331628958553,74.0747512142852,33.1952049160209,72.7230655487469,158.623356229381,"PAK.7.4_1","PAK.7.7_1","Gujranwala","Rawalpindi","PK",661.59517691556,12.8263152972396,12.8263152972396,-22.2521924899606,47.9048230844398,49.6085014604688,12.8263152972396,2.04503141742668,2.04503141742668,-3.1507431377322,7.24080597258555,7.34793484293872,2.04503141742668,"Gujranwala - Rawalpindi"
"PAK.7.4_1_PAK.7.8_1",32.3331628958553,74.0747512142852,32.1003867797781,71.8891581019163,207.229041940349,"PAK.7.4_1","PAK.7.8_1","Gujranwala","Sargodha","PK",131.583333333333,-13.0833333333333,-13.0833333333333,-32.0833333333333,5.91666666666666,26.8700576850888,13.0833333333333,-9.71569437430603,-9.71569437430603,-23.927905531386,4.4965167827739,20.0991017696527,9.71569437430603,"Gujranwala - Sargodha"
"PAK.7.5_1_PAK.4.1_1",31.2122490257376,73.94344561103,33.6692247086546,73.0666656755683,285.320542442313,"PAK.7.5_1","PAK.4.1_1","Lahore","Islamabad","PK",257.666666666667,-55.1666666666667,-55.1666666666667,-110.166666666667,-0.166666666666671,77.7817459305202,55.1666666666667,-17.8779138807317,-17.8779138807317,-35.6911447084233,-0.0646830530401053,25.191712626204,17.8779138807317,"Lahore - Islamabad"
"PAK.7.5_1_PAK.5.4_1",31.2122490257376,73.94344561103,34.8412142650208,73.2243661662354,409.049669036632,"PAK.7.5_1","PAK.5.4_1","Lahore","Hazara","PK",60,-20.7083333333333,-20.7083333333333,-22.4166666666667,-19,2.41594816905403,20.7083333333333,-40.786951144094,-40.786951144094,-49.9072356215213,-31.6666666666667,12.8980300006785,40.786951144094,"Lahore - Hazara"
"PAK.7.5_1_PAK.5.8_1",31.2122490257376,73.94344561103,34.0135551823037,71.7920103750481,370.963423968895,"PAK.7.5_1","PAK.5.8_1","Lahore","Peshawar","PK",46.4166666666667,-2.75,-2.75,-12.4166666666667,6.91666666666667,13.6707311029399,2.75,-4.95737451793693,-4.95737451793693,-26.7504488330341,16.8356997971602,30.8200612622152,4.95737451793693,"Lahore - Peshawar"
"PAK.7.5_1_PAK.7.1_1",31.2122490257376,73.94344561103,28.8489179399769,71.6377266783005,343.966263717192,"PAK.7.5_1","PAK.7.1_1","Lahore","Bahawalpur","PK",170.034265566168,-23.1421327830839,-23.1421327830839,-32.0342655661677,-14.25,12.5753747802596,23.1421327830839,-14.5736511617954,-14.5736511617954,-18.8398882187084,-10.3074141048825,6.03337030618497,14.5736511617954,"Lahore - Bahawalpur"
"PAK.7.5_1_PAK.7.2_1",31.2122490257376,73.94344561103,30.0224782853829,70.5493019194425,350.683967698702,"PAK.7.5_1","PAK.7.2_1","Lahore","Dera Ghazi Khan","PK",69.25,-2,-2,-13.25,9.25,15.9099025766973,2,-0.881340994220434,-0.881340994220434,-19.1335740072202,17.3708920187793,25.8125554705782,0.881340994220434,"Lahore - Dera Ghazi Khan"
"PAK.7.5_1_PAK.7.3_1",31.2122490257376,73.94344561103,31.2099050851743,72.6237184341789,125.507133936521,"PAK.7.5_1","PAK.7.3_1","Lahore","Faisalabad","PK",1036.08333333333,56.5416666666667,56.5416666666667,-69.8333333333333,182.916666666667,178.7212389449,56.5416666666667,5.09224576552572,5.09224576552572,-7.47013727937244,17.6546288104239,17.7658924778208,5.09224576552572,"Lahore - Faisalabad"
"PAK.7.5_1_PAK.7.4_1",31.2122490257376,73.94344561103,32.3331628958553,74.0747512142852,125.256629602487,"PAK.7.5_1","PAK.7.4_1","Lahore","Gujranwala","PK",1630.75,100.04043674019,100.04043674019,24.8308734803795,175.25,106.362384382181,100.04043674019,6.29216072095134,6.29216072095134,1.83773244910795,10.7465889927947,6.29951287465907,6.29216072095134,"Lahore - Gujranwala"
"PAK.7.5_1_PAK.7.5_1",31.2122490257376,73.94344561103,31.2122490257376,73.94344561103,0,"PAK.7.5_1","PAK.7.5_1","Lahore","Lahore","PK",432998.75,11644.5416666667,11644.5416666667,3339.33333333331,19949.75,11745.3382633341,11644.5416666667,2.6775785173752,2.6775785173752,0.747811170587981,4.60734586416242,2.72910315405123,2.6775785173752,"Lahore - Lahore"
"PAK.7.5_1_PAK.7.6_1",31.2122490257376,73.94344561103,30.1252386539187,72.2354149605831,203.209115170693,"PAK.7.5_1","PAK.7.6_1","Lahore","Multan","PK",893.075197680418,-43.7042655068756,-43.7042655068756,-79.5751976804178,-7.83333333333331,50.7291587747889,43.7042655068756,-5.03039843150654,-5.03039843150654,-8.91024606741944,-1.15055079559363,5.48693314664922,5.03039843150654,"Lahore - Multan"
"PAK.7.5_1_PAK.7.7_1",31.2122490257376,73.94344561103,33.1952049160209,72.7230655487469,248.595156877585,"PAK.7.5_1","PAK.7.7_1","Lahore","Rawalpindi","PK",302,-49.3240137227824,-49.3240137227824,-83.1480274455647,-15.5,47.8343789406525,49.3240137227824,-17.5129476372578,-17.5129476372578,-29.8934449433898,-5.13245033112582,17.5086671992554,17.5129476372578,"Lahore - Rawalpindi"
"PAK.7.5_1_PAK.7.8_1",31.2122490257376,73.94344561103,32.1003867797781,71.8891581019163,218.075256998391,"PAK.7.5_1","PAK.7.8_1","Lahore","Sargodha","PK",282.274977544459,-16.6374887722297,-16.6374887722297,-29.2749775444594,-4,17.872108016025,16.6374887722297,-6.20335414985145,-6.20335414985145,-10.3710848900337,-2.03562340966921,5.89406133708499,6.20335414985145,"Lahore - Sargodha"
"PAK.7.5_1_PAK.8.2_1",31.2122490257376,73.94344561103,25.0787834487808,67.1859112898734,950.380307708214,"PAK.7.5_1","PAK.8.2_1","Lahore","Karachi","PK",54,-11.875,-11.875,-13.5,-10.25,2.29809703885628,11.875,-20.7995951417004,-20.7995951417004,-25,-16.5991902834008,5.94026951806513,20.7995951417004,"Lahore - Karachi"
"PAK.7.5_1_PAK.8.6_1",31.2122490257376,73.94344561103,27.0398298023505,69.0210887094943,666.057728749818,"PAK.7.5_1","PAK.8.6_1","Lahore","Sukkur","PK",31.6666666666667,-6.79166666666667,-6.79166666666667,-10.9166666666667,-2.66666666666667,5.83363094478902,6.79166666666667,-24.4891640866873,-24.4891640866873,-40.5572755417957,-8.42105263157895,22.7237411415367,24.4891640866873,"Lahore - Sukkur"
"PAK.7.6_1_PAK.4.1_1",30.1252386539187,72.2354149605831,33.6692247086546,73.0666656755683,401.806010105042,"PAK.7.6_1","PAK.4.1_1","Multan","Islamabad","PK",61,-13.2083333333333,-13.2083333333333,-23.4166666666667,-3,14.4367634492253,13.2083333333333,-17.2019334973251,-17.2019334973251,-29.485834207765,-4.91803278688525,17.3720589835485,17.2019334973251,"Multan - Islamabad"
"PAK.7.6_1_PAK.7.1_1",30.1252386539187,72.2354149605831,28.8489179399769,71.6377266783005,153.257775366732,"PAK.7.6_1","PAK.7.1_1","Multan","Bahawalpur","PK",473.137230529277,3.88971806869489,3.88971806869489,-5.08333333333334,12.8627694707231,12.6898109886192,3.88971806869489,0.826555325204161,0.826555325204161,-1.06550218340612,2.71861283381444,2.6757733894665,0.826555325204161,"Multan - Bahawalpur"
"PAK.7.6_1_PAK.7.2_1",30.1252386539187,72.2354149605831,30.0224782853829,70.5493019194425,162.648320096423,"PAK.7.6_1","PAK.7.2_1","Multan","Dera Ghazi Khan","PK",408.333333333333,19.3333333333333,19.3333333333333,4,34.6666666666667,21.6846079563875,19.3333333333333,4.76102699144174,4.76102699144174,1.03225806451613,8.48979591836735,5.27327558741357,4.76102699144174,"Multan - Dera Ghazi Khan"
"PAK.7.6_1_PAK.7.3_1",30.1252386539187,72.2354149605831,31.2099050851743,72.6237184341789,126.197744086746,"PAK.7.6_1","PAK.7.3_1","Multan","Faisalabad","PK",299.583333333333,-32.7083333333333,-32.7083333333333,-62.8333333333333,-2.58333333333334,42.6031835664895,32.7083333333333,-10.6534971142736,-10.6534971142736,-20.4446854663774,-0.862308762169683,13.8468313592948,10.6534971142736,"Multan - Faisalabad"
"PAK.7.6_1_PAK.7.4_1",30.1252386539187,72.2354149605831,32.3331628958553,74.0747512142852,301.418332344376,"PAK.7.6_1","PAK.7.4_1","Multan","Gujranwala","PK",43.9166666666667,0.541666666666666,0.541666666666666,-7.41666666666667,8.5,11.2547829338859,0.541666666666666,1.21506813869243,1.21506813869243,-16.888045540797,19.3181818181818,25.6016688867158,1.21506813869243,"Multan - Gujranwala"
"PAK.7.6_1_PAK.7.5_1",30.1252386539187,72.2354149605831,31.2122490257376,73.94344561103,203.209115170693,"PAK.7.6_1","PAK.7.5_1","Multan","Lahore","PK",602,-27.75,-27.75,-253,197.5,318.55160492454,27.75,2.43347226528175,2.43347226528175,-27.9403644395362,32.8073089700997,42.9550918092592,2.43347226528175,"Multan - Lahore"
"PAK.7.6_1_PAK.7.6_1",30.1252386539187,72.2354149605831,30.1252386539187,72.2354149605831,0,"PAK.7.6_1","PAK.7.6_1","Multan","Multan","PK",117267.972749803,823.802104266688,823.802104266688,315.576958336089,1332.02725019729,718.738894114098,823.802104266688,0.702756414678563,0.702756414678563,0.269629587784224,1.1358832415729,0.612533832821598,0.702756414678563,"Multan - Multan"
"PAK.7.6_1_PAK.7.7_1",30.1252386539187,72.2354149605831,33.1952049160209,72.7230655487469,344.469657626281,"PAK.7.6_1","PAK.7.7_1","Multan","Rawalpindi","PK",48.5,-12.875,-12.875,-28.25,2.5,21.7435335214863,12.875,-23.701750179813,-23.701750179813,-52.5581395348837,5.15463917525773,40.8090971870596,23.701750179813,"Multan - Rawalpindi"
"PAK.7.6_1_PAK.7.8_1",30.1252386539187,72.2354149605831,32.1003867797781,71.8891581019163,222.086250090573,"PAK.7.6_1","PAK.7.8_1","Multan","Sargodha","PK",43.8333333333333,-13.2083333333333,-13.2083333333333,-24.0833333333333,-2.33333333333333,15.3795724908074,13.2083333333333,-30.6113068227784,-30.6113068227784,-55.899419729207,-5.32319391634981,35.7627922390934,30.6113068227784,"Multan - Sargodha"
"PAK.7.6_1_PAK.8.2_1",30.1252386539187,72.2354149605831,25.0787834487808,67.1859112898734,749.757192072249,"PAK.7.6_1","PAK.8.2_1","Multan","Karachi","PK",24.4166666666667,2.08333333333333,2.08333333333333,2.08333333333333,2.08333333333333,,2.08333333333333,8.53242320819113,8.53242320819113,8.53242320819113,8.53242320819113,,8.53242320819113,"Multan - Karachi"
"PAK.7.6_1_PAK.8.6_1",30.1252386539187,72.2354149605831,27.0398298023505,69.0210887094943,464.931944839887,"PAK.7.6_1","PAK.8.6_1","Multan","Sukkur","PK",62.8333333333333,2.08333333333333,2.08333333333333,-12.5,16.6666666666667,20.6239477846076,2.08333333333333,2.57883878573533,2.57883878573533,-21.3675213675214,26.525198938992,33.8652672982063,2.57883878573533,"Multan - Sukkur"
"PAK.7.7_1_PAK.4.1_1",33.1952049160209,72.7230655487469,33.6692247086546,73.0666656755683,61.602256690449,"PAK.7.7_1","PAK.4.1_1","Rawalpindi","Islamabad","PK",5832.83333333333,1141.54166666667,1141.54166666667,1015.91666666667,1267.16666666667,177.66057877312,1141.54166666667,16.8868311120617,16.8868311120617,12.0489429624725,21.724719261651,6.84180703439322,16.8868311120617,"Rawalpindi - Islamabad"
"PAK.7.7_1_PAK.5.4_1",33.1952049160209,72.7230655487469,34.8412142650208,73.2243661662354,188.768714528969,"PAK.7.7_1","PAK.5.4_1","Rawalpindi","Hazara","PK",353.25,-34,-34,-66.25,-1.74999999999998,45.6083873865323,34,-10.1136716343663,-10.1136716343663,-19.7319434102755,-0.495399858457179,13.6022903920811,10.1136716343663,"Rawalpindi - Hazara"
"PAK.7.7_1_PAK.5.5_1",33.1952049160209,72.7230655487469,33.3240386522153,71.2456287788584,138.116819699829,"PAK.7.7_1","PAK.5.5_1","Rawalpindi","Kohat","PK",29.4166666666667,-6,-6,-7.91666666666667,-4.08333333333333,2.71057599454843,6,-20.2427942526661,-20.2427942526661,-26.9121813031161,-13.5734072022161,9.43193761946194,20.2427942526661,"Rawalpindi - Kohat"
"PAK.7.7_1_PAK.5.6_1",33.1952049160209,72.7230655487469,35.6924113719009,72.2469303359298,281.087550561586,"PAK.7.7_1","PAK.5.6_1","Rawalpindi","Malakand","PK",57.9166666666667,-13.5833333333333,-13.5833333333333,-14.9166666666667,-12.25,1.88561808316412,13.5833333333333,-25.0667525680948,-25.0667525680948,-25.7553956834532,-24.3781094527363,0.973888433374791,25.0667525680948,"Rawalpindi - Malakand"
"PAK.7.7_1_PAK.5.7_1",33.1952049160209,72.7230655487469,34.3054247124276,72.3623293245186,127.876560613195,"PAK.7.7_1","PAK.5.7_1","Rawalpindi","Mardan","PK",93.6666666666667,-8.91666666666667,-8.91666666666667,-19.1666666666667,1.33333333333333,14.4956890143242,8.91666666666667,-10.540702411711,-10.540702411711,-22.5048923679061,1.42348754448398,16.919919698859,10.540702411711,"Rawalpindi - Mardan"
"PAK.7.7_1_PAK.5.8_1",33.1952049160209,72.7230655487469,34.0135551823037,71.7920103750481,125.35992496294,"PAK.7.7_1","PAK.5.8_1","Rawalpindi","Peshawar","PK",203.833333333333,-2.08333333333334,-2.08333333333334,-30.3333333333333,26.1666666666667,39.9515331370399,2.08333333333334,-1.28669178039039,-1.28669178039039,-15.4106689246401,12.8372853638594,19.9743200320456,1.28669178039039,"Rawalpindi - Peshawar"
"PAK.7.7_1_PAK.7.1_1",33.1952049160209,72.7230655487469,28.8489179399769,71.6377266783005,494.21722646318,"PAK.7.7_1","PAK.7.1_1","Rawalpindi","Bahawalpur","PK",19.3333333333333,-1.25,-1.25,-5.16666666666667,2.66666666666667,5.53900311929462,1.25,-6.58170914542729,-6.58170914542729,-26.9565217391304,13.7931034482759,28.8143363008251,6.58170914542729,"Rawalpindi - Bahawalpur"
"PAK.7.7_1_PAK.7.3_1",33.1952049160209,72.7230655487469,31.2099050851743,72.6237184341789,220.95338764886,"PAK.7.7_1","PAK.7.3_1","Rawalpindi","Faisalabad","PK",113.666666666667,-36.2916666666667,-36.2916666666667,-55.9166666666667,-16.6666666666667,27.753941161572,36.2916666666667,-31.2444217773811,-31.2444217773811,-47.8260869565217,-14.6627565982405,23.4500157830704,31.2444217773811,"Rawalpindi - Faisalabad"
"PAK.7.7_1_PAK.7.4_1",33.1952049160209,72.7230655487469,32.3331628958553,74.0747512142852,158.623356229381,"PAK.7.7_1","PAK.7.4_1","Rawalpindi","Gujranwala","PK",605.916666666667,-21.7916666666667,-21.7916666666667,-56.6666666666667,13.0833333333333,49.3206979877617,21.7916666666667,-3.10756070576614,-3.10756070576614,-8.3743842364532,2.15926282492092,7.44841326772339,3.10756070576614,"Rawalpindi - Gujranwala"
"PAK.7.7_1_PAK.7.5_1",33.1952049160209,72.7230655487469,31.2122490257376,73.94344561103,248.595156877585,"PAK.7.7_1","PAK.7.5_1","Rawalpindi","Lahore","PK",281.916666666667,-39.0833333333333,-39.0833333333333,-132.75,54.5833333333333,132.46467034228,39.0833333333333,-9.05601109453615,-9.05601109453615,-37.4735356386733,19.3615134496009,40.188448619389,9.05601109453615,"Rawalpindi - Lahore"
"PAK.7.7_1_PAK.7.6_1",33.1952049160209,72.7230655487469,30.1252386539187,72.2354149605831,344.469657626281,"PAK.7.7_1","PAK.7.6_1","Rawalpindi","Multan","PK",65.8333333333333,-16.7916666666667,-16.7916666666667,-27.75,-5.83333333333334,15.4974236210052,16.7916666666667,-27.0834409713252,-27.0834409713252,-45.3061224489796,-8.86075949367089,25.7707632885038,27.0834409713252,"Rawalpindi - Multan"
"PAK.7.7_1_PAK.7.7_1",33.1952049160209,72.7230655487469,33.1952049160209,72.7230655487469,0,"PAK.7.7_1","PAK.7.7_1","Rawalpindi","Rawalpindi","PK",138670.583333333,-617.041666666661,-617.041666666661,-4999.49999999999,3765.41666666667,6197.73201153499,617.041666666661,-0.455831662619082,-0.455831662619082,-3.62703134068485,2.71536801544668,4.4847535937138,0.455831662619082,"Rawalpindi - Rawalpindi"
"PAK.7.7_1_PAK.7.8_1",33.1952049160209,72.7230655487469,32.1003867797781,71.8891581019163,144.622410038113,"PAK.7.7_1","PAK.7.8_1","Rawalpindi","Sargodha","PK",162,-29.875,-29.875,-47.75,-12,25.2790674274191,29.875,-19.3338182699885,-19.3338182699885,-31.2602291325696,-7.40740740740741,16.866491992296,19.3338182699885,"Rawalpindi - Sargodha"
"PAK.7.7_1_PAK.8.2_1",33.1952049160209,72.7230655487469,25.0787834487808,67.1859112898734,1050.11849717605,"PAK.7.7_1","PAK.8.2_1","Rawalpindi","Karachi","PK",35.9166666666667,5.58333333333333,5.58333333333333,5.58333333333333,5.58333333333333,,5.58333333333333,15.5452436194896,15.5452436194896,15.5452436194896,15.5452436194896,,15.5452436194896,"Rawalpindi - Karachi"
"PAK.7.8_1_PAK.4.1_1",32.1003867797781,71.8891581019163,33.6692247086546,73.0666656755683,206.202794832262,"PAK.7.8_1","PAK.4.1_1","Sargodha","Islamabad","PK",115.166666666667,-33.7083333333333,-33.7083333333333,-83.75,16.3333333333333,70.7696036837536,33.7083333333333,-18.5596700522801,-18.5596700522801,-51.301684532925,14.1823444283647,46.3042009379442,18.5596700522801,"Sargodha - Islamabad"
"PAK.7.8_1_PAK.5.2_1",32.1003867797781,71.8891581019163,31.9373404910881,70.6290863322194,120.173493164531,"PAK.7.8_1","PAK.5.2_1","Sargodha","Dera Ismail Khan","PK",31.8333333333333,-0.916666666666667,-0.916666666666667,-9.5,7.66666666666667,12.1386664103691,0.916666666666667,1.48632926119837,1.48632926119837,-21.1111111111111,24.0837696335079,31.9576066494374,1.48632926119837,"Sargodha - Dera Ismail Khan"
"PAK.7.8_1_PAK.5.4_1",32.1003867797781,71.8891581019163,34.8412142650208,73.2243661662354,328.958857877528,"PAK.7.8_1","PAK.5.4_1","Sargodha","Hazara","PK",16.0833333333333,-5.08333333333333,-5.08333333333333,-5.08333333333333,-5.08333333333333,,5.08333333333333,-31.6062176165803,-31.6062176165803,-31.6062176165803,-31.6062176165803,,31.6062176165803,"Sargodha - Hazara"
"PAK.7.8_1_PAK.7.2_1",32.1003867797781,71.8891581019163,30.0224782853829,70.5493019194425,263.949489092542,"PAK.7.8_1","PAK.7.2_1","Sargodha","Dera Ghazi Khan","PK",61.5833333333333,-16.0833333333333,-16.0833333333333,-19.5833333333333,-12.5833333333333,4.94974746830583,16.0833333333333,-25.1466231539926,-25.1466231539926,-29.8602287166455,-20.4330175913396,6.66604491438102,25.1466231539926,"Sargodha - Dera Ghazi Khan"
"PAK.7.8_1_PAK.7.3_1",32.1003867797781,71.8891581019163,31.2099050851743,72.6237184341789,120.988598975264,"PAK.7.8_1","PAK.7.3_1","Sargodha","Faisalabad","PK",174.916666666667,-11.4166666666667,-11.4166666666667,-23.9166666666667,1.08333333333334,17.6776695296637,11.4166666666667,-5.73243399112359,-5.73243399112359,-12.0842105263158,0.619342544068606,8.98276852123199,5.73243399112359,"Sargodha - Faisalabad"
"PAK.7.8_1_PAK.7.4_1",32.1003867797781,71.8891581019163,32.3331628958553,74.0747512142852,207.22904194035,"PAK.7.8_1","PAK.7.4_1","Sargodha","Gujranwala","PK",127.75,-8.04166666666667,-8.04166666666667,-20.3333333333333,4.25,17.3830417041693,8.04166666666667,-5.6071551026406,-5.6071551026406,-14.5411203814064,3.32681017612524,12.634534863001,5.6071551026406,"Sargodha - Gujranwala"
"PAK.7.8_1_PAK.7.5_1",32.1003867797781,71.8891581019163,31.2122490257376,73.94344561103,218.075256998391,"PAK.7.8_1","PAK.7.5_1","Sargodha","Lahore","PK",194.333333333333,2.08333333333334,2.08333333333334,-130,134.166666666667,186.794041363446,2.08333333333334,14.2072255574614,14.2072255574614,-40.625,69.0394511149228,77.5444770384626,14.2072255574614,"Sargodha - Lahore"
"PAK.7.8_1_PAK.7.6_1",32.1003867797781,71.8891581019163,30.1252386539187,72.2354149605831,222.086250090573,"PAK.7.8_1","PAK.7.6_1","Sargodha","Multan","PK",45.5,-10.9583333333333,-10.9583333333333,-13.4166666666667,-8.5,3.47660834083386,10.9583333333333,-24.1113015424942,-24.1113015424942,-29.5412844036697,-18.6813186813187,7.67915540572789,24.1113015424942,"Sargodha - Multan"
"PAK.7.8_1_PAK.7.7_1",32.1003867797781,71.8891581019163,33.1952049160209,72.7230655487469,144.622410038113,"PAK.7.8_1","PAK.7.7_1","Sargodha","Rawalpindi","PK",138.583333333333,-25.5833333333333,-25.5833333333333,-55.0833333333333,3.91666666666667,41.7193000900063,25.5833333333333,-14.1838708679624,-14.1838708679624,-31.1939594148183,2.82621767889357,24.0558979201309,14.1838708679624,"Sargodha - Rawalpindi"
"PAK.7.8_1_PAK.7.8_1",32.1003867797781,71.8891581019163,32.1003867797781,71.8891581019163,0,"PAK.7.8_1","PAK.7.8_1","Sargodha","Sargodha","PK",46689.6666666667,-2914.35820833383,-2914.35820833383,-3844.54975000098,-1984.16666666667,1315.48949383043,2914.35820833383,-6.25916574639108,-6.25916574639108,-8.26864026917093,-4.24969122361122,2.84182612335847,6.25916574639108,"Sargodha - Sargodha"
"PAK.8.1_1_PAK.7.1_1",25.3231003837203,68.0513634220865,28.8489179399769,71.6377266783005,528.853611477831,"PAK.8.1_1","PAK.7.1_1","Hyderabad","Bahawalpur","PK",30.6666666666667,-6.66666666666667,-6.66666666666667,-6.66666666666667,-6.66666666666667,,6.66666666666667,-21.7391304347826,-21.7391304347826,-21.7391304347826,-21.7391304347826,,21.7391304347826,"Hyderabad - Bahawalpur"
"PAK.8.1_1_PAK.8.1_1",25.3231003837203,68.0513634220865,25.3231003837203,68.0513634220865,0,"PAK.8.1_1","PAK.8.1_1","Hyderabad","Hyderabad","PK",64885.9166666667,795.175226436717,795.175226436717,43.0833333333321,1547.2671195401,1063.61855537766,795.175226436717,1.23611434825041,1.23611434825041,0.0663985893189438,2.40583010718188,1.65422789040242,1.23611434825041,"Hyderabad - Hyderabad"
"PAK.8.1_1_PAK.8.2_1",25.3231003837203,68.0513634220865,25.0787834487808,67.1859112898734,91.2138066951354,"PAK.8.1_1","PAK.8.2_1","Hyderabad","Karachi","PK",876.5,-37.0416666666667,-37.0416666666667,-111.583333333333,37.5,105.417835961894,37.0416666666667,-2.99304461256474,-2.99304461256474,-10.2644691452664,4.27837992013691,10.2833471919191,2.99304461256474,"Hyderabad - Karachi"
"PAK.8.1_1_PAK.8.3_1",25.3231003837203,68.0513634220865,27.8953345625544,68.348474529644,287.540585865236,"PAK.8.1_1","PAK.8.3_1","Hyderabad","Larkana","PK",59.1666666666667,-15.6666666666667,-15.6666666666667,-22.1666666666667,-9.16666666666666,9.19238815542512,15.6666666666667,-24.3714788732394,-24.3714788732394,-33.25,-15.4929577464789,12.5561249912808,24.3714788732394,"Hyderabad - Larkana"
"PAK.8.1_1_PAK.8.4_1",25.3231003837203,68.0513634220865,25.2224141945952,69.8200214272942,178.193073492264,"PAK.8.1_1","PAK.8.4_1","Hyderabad","Mirpur Khas","PK",258.416666666667,6.52419230338754,6.52419230338754,-29.0349487265583,42.0833333333333,50.2882195108869,6.52419230338754,2.59166108931466,2.59166108931466,-11.1017471538441,16.2850693324734,19.3654036525866,2.59166108931466,"Hyderabad - Mirpur Khas"
"PAK.8.1_1_PAK.8.6_1",25.3231003837203,68.0513634220865,27.0398298023505,69.0210887094943,214.014128867719,"PAK.8.1_1","PAK.8.6_1","Hyderabad","Sukkur","PK",223.583333333333,-33.8333333333333,-33.8333333333333,-43.0833333333333,-24.5833333333333,13.0814754519511,33.8333333333333,-15.6136590017678,-15.6136590017678,-19.2694744688781,-11.9578435346575,5.17010381512075,15.6136590017678,"Hyderabad - Sukkur"
"PAK.8.2_1_PAK.2.1_1",25.0787834487808,67.1859112898734,27.4937731996419,65.7351376336426,305.000718643367,"PAK.8.2_1","PAK.2.1_1","Karachi","Kalat","PK",175,-3.99999999999999,-3.99999999999999,-35.5,27.5,44.5477272147525,3.99999999999999,-3.96308186195826,-3.96308186195826,-20.2857142857143,12.3595505617978,23.0836881473066,3.96308186195826,"Karachi - Kalat"
"PAK.8.2_1_PAK.4.1_1",25.0787834487808,67.1859112898734,33.6692247086546,73.0666656755683,1111.70989328237,"PAK.8.2_1","PAK.4.1_1","Karachi","Islamabad","PK",32.5,3.66666666666667,3.66666666666667,-2,9.33333333333333,8.01387685344754,3.66666666666667,9.82630272952853,9.82630272952853,-6.15384615384616,25.8064516129032,22.5993432796098,9.82630272952853,"Karachi - Islamabad"
"PAK.8.2_1_PAK.7.1_1",25.0787834487808,67.1859112898734,28.8489179399769,71.6377266783005,608.494198882553,"PAK.8.2_1","PAK.7.1_1","Karachi","Bahawalpur","PK",40.1666666666667,-11.6666666666667,-11.6666666666667,-15.1666666666667,-8.16666666666667,4.94974746830583,11.6666666666667,-31.9812723278674,-31.9812723278674,-37.7593360995851,-26.2032085561497,8.17141615021976,31.9812723278674,"Karachi - Bahawalpur"
"PAK.8.2_1_PAK.7.5_1",25.0787834487808,67.1859112898734,31.2122490257376,73.94344561103,950.380307708214,"PAK.8.2_1","PAK.7.5_1","Karachi","Lahore","PK",47.9166666666667,3.29166666666667,3.29166666666667,-2.41666666666667,9,8.07280241854642,3.29166666666667,6.95194508009153,6.95194508009153,-5.04347826086956,18.9473684210526,16.964090375194,6.95194508009153,"Karachi - Lahore"
"PAK.8.2_1_PAK.7.7_1",25.0787834487808,67.1859112898734,33.1952049160209,72.7230655487469,1050.11849717605,"PAK.8.2_1","PAK.7.7_1","Karachi","Rawalpindi","PK",17.6666666666667,-1.54166666666667,-1.54166666666667,-3.66666666666667,0.583333333333333,3.00520382004283,1.54166666666667,-8.65322055953156,-8.65322055953156,-20.7547169811321,3.44827586206896,17.1141003644369,8.65322055953156,"Karachi - Rawalpindi"
"PAK.8.2_1_PAK.8.1_1",25.0787834487808,67.1859112898734,25.3231003837203,68.0513634220865,91.2138066951353,"PAK.8.2_1","PAK.8.1_1","Karachi","Hyderabad","PK",1031.08333333333,-34.5416666666667,-34.5416666666667,-138.083333333333,69,146.430029270714,34.5416666666667,-2.77780340250127,-2.77780340250127,-13.392063363776,7.83645655877342,15.0108303917884,2.77780340250127,"Karachi - Hyderabad"
"PAK.8.2_1_PAK.8.2_1",25.0787834487808,67.1859112898734,25.0787834487808,67.1859112898734,0,"PAK.8.2_1","PAK.8.2_1","Karachi","Karachi","PK",477200.916666667,-4445.66666666666,-4445.66666666666,-6040.41666666666,-2850.91666666666,2255.31707859449,4445.66666666666,-0.91934683631621,-0.91934683631621,-1.24126886327103,-0.597424809361394,0.455266496546138,0.91934683631621,"Karachi - Karachi"
"PAK.8.2_1_PAK.8.3_1",25.0787834487808,67.1859112898734,27.8953345625544,68.348474529644,333.868457133436,"PAK.8.2_1","PAK.8.3_1","Karachi","Larkana","PK",51.5833333333333,-16.625,-16.625,-22.1666666666667,-11.0833333333333,7.8371001581509,16.625,-35.5565669230584,-35.5565669230584,-49.6268656716418,-21.486268174475,19.8984073168878,35.5565669230584,"Karachi - Larkana"
"PAK.8.2_1_PAK.8.4_1",25.0787834487808,67.1859112898734,25.2224141945952,69.8200214272942,265.607673955459,"PAK.8.2_1","PAK.8.4_1","Karachi","Mirpur Khas","PK",110.083333333333,-17.9718146987631,-17.9718146987631,-37.5833333333333,1.63970393580715,27.7348756317419,17.9718146987631,-15.6285304777519,-15.6285304777519,-34.1408024224073,2.88374146690337,26.1803060544705,15.6285304777519,"Karachi - Mirpur Khas"
"PAK.8.2_1_PAK.8.6_1",25.0787834487808,67.1859112898734,27.0398298023505,69.0210887094943,284.8662858619,"PAK.8.2_1","PAK.8.6_1","Karachi","Sukkur","PK",254.166666666667,-61.75,-61.75,-93.1666666666667,-30.3333333333333,44.4298760845547,61.75,-26.3173332949524,-26.3173332949524,-36.655737704918,-15.9789288849868,14.6207117298712,26.3173332949524,"Karachi - Sukkur"
"PAK.8.3_1_PAK.2.3_1",27.8953345625544,68.348474529644,28.7829939153016,67.8281987215831,111.062913606351,"PAK.8.3_1","PAK.2.3_1","Larkana","Nasirabad","PK",40.6666666666667,-11.5,-11.5,-13.3333333333333,-9.66666666666667,2.59272486435068,11.5,-26.2737351102724,-26.2737351102724,-28.7769784172662,-23.7704918032787,3.54012063467024,26.2737351102724,"Larkana - Nasirabad"
"PAK.8.3_1_PAK.7.2_1",27.8953345625544,68.348474529644,30.0224782853829,70.5493019194425,319.034054153683,"PAK.8.3_1","PAK.7.2_1","Larkana","Dera Ghazi Khan","PK",40.8333333333333,-5.25,-5.25,-11.8333333333333,1.33333333333333,9.31023928562287,5.25,-13.0457525970677,-13.0457525970677,-28.9795918367347,2.88808664259928,22.5338515534097,13.0457525970677,"Larkana - Dera Ghazi Khan"
"PAK.8.3_1_PAK.8.1_1",27.8953345625544,68.348474529644,25.3231003837203,68.0513634220865,287.540585865236,"PAK.8.3_1","PAK.8.1_1","Larkana","Hyderabad","PK",51.0833333333333,-12.2083333333333,-12.2083333333333,-27.8333333333333,3.41666666666667,22.0970869120796,12.2083333333333,-19.5325035196317,-19.5325035196317,-45.7534246575342,6.6884176182708,37.0819822911371,19.5325035196317,"Larkana - Hyderabad"
"PAK.8.3_1_PAK.8.2_1",27.8953345625544,68.348474529644,25.0787834487808,67.1859112898734,333.868457133436,"PAK.8.3_1","PAK.8.2_1","Larkana","Karachi","PK",39.75,-8.375,-8.375,-22.5,5.75,19.97576656852,8.375,-13.6006289308176,-13.6006289308176,-41.6666666666667,14.4654088050315,39.6913712081128,13.6006289308176,"Larkana - Karachi"
"PAK.8.3_1_PAK.8.3_1",27.8953345625544,68.348474529644,27.8953345625544,68.348474529644,0,"PAK.8.3_1","PAK.8.3_1","Larkana","Larkana","PK",22934.25,-2157.25,-2157.25,-2735.75,-1578.75,818.122545832835,2157.25,-9.67201591537335,-9.67201591537335,-11.9286656419983,-7.41536618874837,3.19138464891858,9.67201591537335,"Larkana - Larkana"
"PAK.8.3_1_PAK.8.6_1",27.8953345625544,68.348474529644,27.0398298023505,69.0210887094943,115.986451169232,"PAK.8.3_1","PAK.8.6_1","Larkana","Sukkur","PK",347.083333333333,24.0833333333333,24.0833333333333,-32.5833333333334,80.75,80.1387685344754,24.0833333333333,5.69197453901174,5.69197453901174,-9.38775510204082,20.7717041800643,21.3259581752961,5.69197453901174,"Larkana - Sukkur"
"PAK.8.4_1_PAK.8.1_1",25.2224141945952,69.8200214272942,25.3231003837203,68.0513634220865,178.193073492264,"PAK.8.4_1","PAK.8.1_1","Mirpur Khas","Hyderabad","PK",225.916666666667,10.1666666666667,10.1666666666667,-14.75,35.0833333333333,35.2374879291296,10.1666666666667,5.30016791640974,5.30016791640974,-4.92898913951545,15.5293249723349,14.4662126401338,5.30016791640974,"Mirpur Khas - Hyderabad"
"PAK.8.4_1_PAK.8.2_1",25.2224141945952,69.8200214272942,25.0787834487808,67.1859112898734,265.607673955459,"PAK.8.4_1","PAK.8.2_1","Mirpur Khas","Karachi","PK",56.4166666666667,-20.5833333333333,-20.5833333333333,-52.25,11.0833333333333,44.783429475148,20.5833333333333,-16.2371029589984,-16.2371029589984,-52.1197007481297,19.6454948301329,50.7456564465683,16.2371029589984,"Mirpur Khas - Karachi"
"PAK.8.4_1_PAK.8.4_1",25.2224141945952,69.8200214272942,25.2224141945952,69.8200214272942,0,"PAK.8.4_1","PAK.8.4_1","Mirpur Khas","Mirpur Khas","PK",19572.5833333333,-1016.33333333333,-1016.33333333333,-1261.08333333333,-771.583333333332,346.128769390816,1016.33333333333,-5.27086438221045,-5.27086438221045,-6.59956476801438,-3.94216399640653,1.87906610593427,5.27086438221045,"Mirpur Khas - Mirpur Khas"
"PAK.8.4_1_PAK.8.6_1",25.2224141945952,69.8200214272942,27.0398298023505,69.0210887094943,217.254955407885,"PAK.8.4_1","PAK.8.6_1","Mirpur Khas","Sukkur","PK",56.1666666666667,-9.70833333333334,-9.70833333333334,-12.25,-7.16666666666667,3.59445947103162,9.70833333333334,-16.5457970621914,-16.5457970621914,-20.3319502074689,-12.7596439169139,5.35442912727295,16.5457970621914,"Mirpur Khas - Sukkur"
"PAK.8.5_1_PAK.8.5_1",27.4370466526496,68.8807568501547,27.4370466526496,68.8807568501547,0,"PAK.8.5_1","PAK.8.5_1","Rann of Kutch","Rann of Kutch","PK",53.3333333333333,-10.2916666666667,-10.2916666666667,-17.3333333333333,-3.25,9.95842050171054,10.2916666666667,-19.5494923857868,-19.5494923857868,-32.5,-6.5989847715736,18.3147835076363,19.5494923857868,"Rann of Kutch - Rann of Kutch"
"PAK.8.6_1_PAK.7.1_1",27.0398298023505,69.0210887094943,28.8489179399769,71.6377266783005,326.372698951751,"PAK.8.6_1","PAK.7.1_1","Sukkur","Bahawalpur","PK",142.333333333333,-9.75,-9.75,-24.8333333333333,5.33333333333334,21.3310545657942,9.75,-6.56731916397861,-6.56731916397861,-17.4473067915691,4.31266846361186,15.3866260613899,6.56731916397861,"Sukkur - Bahawalpur"
"PAK.8.6_1_PAK.7.3_1",27.0398298023505,69.0210887094943,31.2099050851743,72.6237184341789,580.824435114691,"PAK.8.6_1","PAK.7.3_1","Sukkur","Faisalabad","PK",21.5833333333333,-5.58333333333333,-5.58333333333333,-5.58333333333333,-5.58333333333333,,5.58333333333333,-25.8687258687259,-25.8687258687259,-25.8687258687259,-25.8687258687259,,25.8687258687259,"Sukkur - Faisalabad"
"PAK.8.6_1_PAK.7.6_1",27.0398298023505,69.0210887094943,30.1252386539187,72.2354149605831,464.931944839887,"PAK.8.6_1","PAK.7.6_1","Sukkur","Multan","PK",70.25,-19.9166666666667,-19.9166666666667,-28.25,-11.5833333333333,11.7851130197758,19.9166666666667,-30.5265516707838,-30.5265516707838,-40.2135231316726,-20.8395802098951,13.69944641831,30.5265516707838,"Sukkur - Multan"
"PAK.8.6_1_PAK.8.1_1",27.0398298023505,69.0210887094943,25.3231003837203,68.0513634220865,214.014128867719,"PAK.8.6_1","PAK.8.1_1","Sukkur","Hyderabad","PK",167.333333333333,17.125,17.125,10.0833333333333,24.1666666666667,9.95842050171053,17.125,9.60582188392665,9.60582188392665,4.7694126921561,14.4422310756972,6.83971547218782,9.60582188392665,"Sukkur - Hyderabad"
"PAK.8.6_1_PAK.8.2_1",27.0398298023505,69.0210887094943,25.0787834487808,67.1859112898734,284.8662858619,"PAK.8.6_1","PAK.8.2_1","Sukkur","Karachi","PK",181,-39.3333333333333,-39.3333333333333,-78.6666666666667,0,55.6257334533417,39.3333333333333,-17.2388604821037,-17.2388604821037,-34.4777209642074,0,24.3794302936487,17.2388604821037,"Sukkur - Karachi"
"PAK.8.6_1_PAK.8.3_1",27.0398298023505,69.0210887094943,27.8953345625544,68.348474529644,115.986451169232,"PAK.8.6_1","PAK.8.3_1","Sukkur","Larkana","PK",317.666666666667,3.32198275228662,3.32198275228662,-65.6666666666667,72.3106321712399,97.5646836580865,3.32198275228662,-0.462388557353716,-0.462388557353716,-20.6715634837356,19.7467863690281,28.5800892652595,0.462388557353716,"Sukkur - Larkana"
"PAK.8.6_1_PAK.8.4_1",27.0398298023505,69.0210887094943,25.2224141945952,69.8200214272942,217.254955407886,"PAK.8.6_1","PAK.8.4_1","Sukkur","Mirpur Khas","PK",52.1666666666667,-5.04166666666667,-5.04166666666667,-6.91666666666666,-3.16666666666667,2.65165042944955,5.04166666666667,-8.6660799979192,-8.6660799979192,-11.2618724559023,-6.0702875399361,3.67100489918549,8.6660799979192,"Sukkur - Mirpur Khas"
"PAK.8.6_1_PAK.8.6_1",27.0398298023505,69.0210887094943,27.0398298023505,69.0210887094943,0,"PAK.8.6_1","PAK.8.6_1","Sukkur","Sukkur","PK",36247.8333333333,-3209.54166666667,-3209.54166666667,-4263.33333333333,-2155.75,1490.28646691575,3209.54166666667,-8.954767305352,-8.954767305352,-11.7616225337606,-6.14791207694336,3.96949273163332,8.954767305352,"Sukkur - Sukkur"
